"Year","Data.Meat.Beef","Data.Meat.Lamb","Data.Meat.Pork","Data.Meat.Average","Data.Fuel.Coal","Data.Fuel.Natural gas","Data.Fuel.Petroleum","Data.Fuel.Average","Data.Grain.Corn","Data.Grain.Rice","Data.Grain.Rye","Data.Grain.Wheat","Data.Grain.Average","Data.Metal.Aluminum","Data.Metal.Chromium","Data.Metal.Copper","Data.Metal.Lead","Data.Metal.Manganese","Data.Metal.Nickel","Data.Metal.Steel","Data.Metal.Tin","Data.Metal.Zinc","Data.Metal.Iron ore","Data.Metal.Gold","Data.Metal.Platinum","Data.Metal.Silver","Data.Metal.Average","Data.Plant extract.Cocoa","Data.Plant extract.Coffee","Data.Plant extract.Cotton","Data.Plant extract.Cottonseed","Data.Plant extract.Palm oil","Data.Plant extract.Rubber","Data.Plant extract.Sugar","Data.Plant extract.Tea","Data.Plant extract.Tobacco","Data.Plant extract.Average"
"1900","100.0","100.0","100.0","100.0","100.0","100.0","100.0","100.0","100.0","100.0","100.0","100.0","100.0","100.0","100.0","100.0","100.0","100.0","100.0","100.0","100.0","100.0","100.0","100.0","100.0","100.0","100.0","100.0","100.0","100.0","100.0","100.0","100.0","100.0","100.0","100.0","100.0"
"1901","98.78640777","90.4146783","115.345979","101.51568835666667","99.73627707","79.02912621","88.36517382","89.04352569999999","129.3161242","88.79106793","108.4481522","100.4507857","106.75153250749999","99.69361305","104.0785368","98.29529508","97.88714729","111.6952243","111.3592233","88.35554484","82.25311776","91.50105175","70.62177236","98.78640777","112.2126819","85.06607335","96.29274534999999","92.90888017","77.70516402","99.36784631","98.78640777","93.59967423","86.98610503","79.93692538","94.48084519","100.2995475","91.56348840000001"
"1902","97.60191847","90.98483925","133.950775","107.51251090666665","105.1097583","78.33422582","89.27598744","90.90665718666666","152.9143491","84.85893381","97.40710426","102.8670524","109.51185989250001","98.49824598","81.91589585","66.49366568","90.9034914","111.4252045","88.01918465","95.78324918","87.4537692","108.8278174","75.5895709","97.60191847","127.7881152","73.35205909","92.58862980769231","92.37014303","68.63995422","101.3933997","106.3524353","97.60191847","83.36006863","63.11335867","98.9144137","104.6497594","90.71060568"
"1903","90.86820657","93.81047946","113.4733098","99.38399860999999","113.779421","76.66174516","112.116237","100.85246771999999","114.9948615","104.9157927","101.9040465","106.4803554","107.073764025","96.30426395","71.57092614","78.03704063","92.5918916","178.9308974","76.51582649","92.4643021","89.65830664","122.7945962","76.34232122","95.42790152","122.7013867","82.46855687","98.13909365076923","90.88573717","65.97914521","120.8715975","109.2484942","97.09803378","103.8977828","66.08935657","73.653054","108.1655426","92.87652709222222"
"1904","94.3221321","94.3221321","95.95777601","94.86734673666668","99.76379356","74.3811366","113.4953605","95.88009688666666","124.5363592","86.47679732","130.2812683","137.8376678","119.783023155","100.9572822","77.47889422","74.68833163","93.02578151","97.74429624","75.62920046","77.91828304","88.30366969","110.5050275","62.21247011","94.3221321","113.9551168","89.08201365","88.90942301153845","92.07736605","90.30598292","114.7521172","98.22511687","94.3221321","115.2175113","86.98722933","87.35851769","103.6098694","98.09509365111109"
"1905","95.10220903","95.42790152","98.73753973","96.42255009333333","97.26305348","66.79953107","97.68715272","87.24991242333333","125.3623988","98.43267977","114.8563366","135.8809605","118.63309391749999","102.1408377","73.27499581","91.89174517","102.8543299","117.2313484","76.51582649","87.72254302","100.0994766","129.048278","71.06333092","95.42790152","128.2160558","96.45875848","97.84195598538462","91.44820145","96.10510683","108.177833","99.37664228","93.75776927","124.6086182","94.07655733","85.82120197","100.85706","99.35877670333333"
"1906","93.34862385","94.93080392","115.548792","101.27607325666666","99.6317043","60.15266936","110.2865314","90.02363501999999","112.9223127","113.1776737","108.9998901","104.516104","109.903995125","102.1987405","68.34452818","111.1640996","120.9075036","194.2487501","74.84862385","87.55057268","124.3411481","132.0863409","83.020691","93.34862385","148.8547601","100.2633367","110.85982455076922","91.67723501","91.2761027","116.6995156","115.2372667","103.1510744","126.7168285","69.92849759","73.61611205","103.5618212","99.09605041666666"
"1907","87.21766202","90.86680682","106.9867234","95.02373074666667","97.94393313","63.22722283","114.5962888","91.92248158666666","123.1416891","116.2942293","129.4806655","115.2537583","121.04258555","122.962812","59.03638074","110.3783803","108.7778263","178.8754376","80.57958288","88.79737644","114.0831492","124.0587697","96.1963706","89.35236004","187.1794301","76.11497337","110.49175763615382","106.3742231","71.07244697","113.17615","115.8499565","106.6080964","111.9377797","70.40772137","68.96383652","102.6476784","96.33754321777776"
"1908","91.25560538","89.70890021","103.839987","94.93483086333333","98.27526733","66.58783809","120.1304888","94.99786474","163.0086842","123.2157061","132.6029555","126.0285928","136.21398465","80.09283088","65.18257527","74.45707998","87.70474024","104.6618357","82.29596413","83.88714035","89.91922622","99.1362958","87.37238813","91.25560538","128.213351","69.56831645","87.98056534846154","75.50508274","70.11620369","110.5379846","107.6186794","91.25560538","92.3152843","82.54796747","65.22830771","111.0243251","89.57216004333334"
"1909","92.29024943","81.34055882","137.1017","103.57750275000001","94.95246817","64.46886447","113.5295201","90.98361758","160.7621689","98.06168306","132.2642696","157.4419926","137.13252854","62.09135115","62.6255264","73.9927856","90.18169933","113.6117575","74.0","75.09330854","91.74963709","116.553028","83.65031119","92.29024943","133.6670279","75.34188573","88.06527445076925","65.36883882","88.70679794","127.707108","154.6657284","97.13590526","134.3521392","82.17975389","72.15847609","116.725961","104.33341206666667"
"1910","88.08054756","86.88418999","155.8913004","110.28534598333333","95.18082352","65.75125838","87.86007858","82.93072016","134.9930585","93.74621729","127.8983835","137.2817937","123.47986324749999","60.2722581","55.23887079","69.54951178","89.99918119","114.6598532","70.86644951","78.50095427","100.8629423","113.6270116","92.5192321","88.38219327","153.2251698","75.42492728","89.47142732230769","58.92473851","104.5013706","144.3558483","159.0879479","113.1846796","156.9303054","84.94703119","71.17928098","109.849203","111.44004505333334"
"1911","87.77890185","82.39018017","116.1886471","95.45257637333333","94.33099474","68.91399085","84.97316961","82.73938506666667","136.4406846","122.6855539","142.1877201","123.0283791","131.08558442499998","54.32649325","55.23887079","67.58040013","89.39182475","112.0716511","70.86644951","69.16867299","124.9923905","119.0474709","74.46669901","88.38219327","202.0574433","75.8341041","92.57112796923077","62.07984127","144.669393","125.7326434","104.8395672","111.6378579","126.5785125","94.31517087","71.77588662","113.1369432","106.08509066222221"
"1912","86.30019606","86.59574468","129.4288174","100.77491938000001","95.75490998","69.85184624","101.5312522","89.04600280666666","156.7124202","138.6840111","109.41139","128.1198072","133.231907125","58.26018268","46.39057751","87.39696659","88.58192106","92.85738188","69.43404255","67.23272103","133.5349862","141.0944804","71.85604346","86.59574468","209.1454823","85.52666141","95.22363013461539","64.4364021","153.7460743","111.6213542","109.8870139","104.8346794","120.1614371","79.86167969","71.19501322","114.6398808","103.3759483011111"
"1913","83.3447099","89.10310734","138.2153179","103.55437838","96.20592949","68.37724322","145.4277901","103.33698760333334","138.3035708","106.3181971","100.5314371","113.9470948","114.77507495","61.19469374","45.42410714","79.97129711","84.79166667","102.7520325","71.37916667","72.67857143","125.50231","111.9755445","76.4929078","84.79166667","201.7462255","76.41718107","91.93210544615384","70.15680605","112.6859244","120.1256867","128.6494253","110.0705341","95.71406067","58.42424299","70.56808317","115.962345","98.0396787088889"
"1914","80.85038937","91.12312186","136.7234816","102.89899761","94.50464396","71.13863089","114.6555455","93.43294011666667","153.3744997","99.2621787","136.150403","120.7273952","127.37861915","47.78234469","42.00206398","70.56284879","74.1980236","99.44508192","69.03611971","60.00294855","96.37628405","101.4662012","62.91372988","84.00412797","201.0638395","65.20690797","82.62004013923077","62.00349169","82.58191696","103.1386762","89.7975161","119.3902965","71.11124488","78.36251299","69.91265205","117.2749095","88.17480187444444"
"1915","171.9947299","106.4137925","115.9392767","131.44926636666668","90.80516506","71.57064058","94.21830782","85.53137115333334","159.2075305","100.0224898","139.454971","154.8833064","138.392074425","87.15080317","49.24831329","89.19725418","89.30850942","105.8865591","68.68172485","68.0003061","107.8754736","272.897278","65.08016951","83.57289528","208.8531361","72.35246026","105.2388371430769","83.08030593","75.93068608","97.05080776","173.4858033","124.628017","71.6640022","97.74679788","67.30607575","122.1590679","101.45017375555555"
"1916","171.5459724","101.1520741","144.921242","139.2064295","97.10092539","65.02311556","174.2224025","112.11548115","165.8797862","84.50992771","171.0263683","149.1298545","142.6364841775","142.0090655","60.11009667","128.5287105","120.0982711","164.1907417","64.40225564","117.8443002","111.2665555","239.6552616","78.13149896","76.5037594","338.292903","89.49050868","133.11722526538463","64.66065074","86.83455903","133.0598052","240.591133","163.7651386","77.72958253","118.1324998","61.61289265","116.6807884","118.11856110555557"
"1917","141.7250137","92.64147496","197.2997136","143.88873408666666","137.9785191","60.4862031","209.0205966","135.8284396","274.2233362","60.52768763","219.2526024","212.6365605","191.6600466825","99.41682216","66.89603298","106.5938992","127.7144076","127.9699132","53.45085803","137.6372322","131.2530434","133.6005668","84.29913367","63.49453978","346.1555491","88.08887541","120.50545180999998","42.33204693","71.14169238","172.5078256","281.5654419","199.3736213","62.68292536","103.6535449","65.19884203","134.4917166","125.883073"
"1918","162.1513944","99.86561448","187.8153228","149.94411055999998","134.08673","61.57205052","215.3048909","136.98789047333332","226.3286692","58.67434191","160.7488874","169.8894236","153.91033052749998","55.53777765","113.8920508","82.22766578","91.6518368","171.127531","44.41965471","97.02226292","160.4439425","102.6070727","79.58068435","54.05046481","303.6291962","84.99602413","110.86047418076924","41.5056116","64.13835063","182.0027717","243.0407107","154.5510575","41.8478754","80.97961473","64.93295448","190.0636695","118.1180684711111"
"1919","175.0399495","104.2990467","167.8098166","149.04960426666665","112.6534015","54.15818211","196.2681721","121.02658523666666","197.9327102","54.86682051","136.17851","167.8215028","139.19988587749998","46.18860396","60.4954583","54.3164535","62.01796783","163.598405","37.72716763","71.01640757","99.66563475","79.44186632","64.07084","47.05202312","285.8986557","97.00849211","89.88445967615385","52.09106875","102.1463933","175.9396721","213.518836","148.5957978","32.63442597","84.12799663","54.25212807","184.5015874","116.42310066888889"
"1920","97.734565","69.68808812","108.9159748","92.11287597333335","146.4618839","52.29082066","253.3864418","150.7130487866667","152.7786386","55.72749368","118.3700463","146.8051367","118.42032882","38.01031765","29.73873681","43.80484106","73.98741117","100.1976383","34.19361277","75.4348446","65.57635774","75.26189501","71.55816028","40.61876248","238.827812","41.0575454","71.40522579","32.88077981","59.29334559","119.6089869","71.71312547","89.79271391","30.01159442","171.519119","37.52496601","245.6679639","95.33473277888888"
"1921","84.43114001","59.01475997","71.82849946","71.75813314666665","126.3676407","62.97211125","129.8773933","106.40571508333333","69.38402686","71.42854199","75.70066571","95.40443144","77.9794165","29.48234892","20.30127694","35.1109295","47.24434174","36.39652756","38.28156425","53.3835317","45.51291461","53.51159052","58.05301319","45.47486034","180.9091407","46.52751914","53.091504546923076","21.11405048","39.79972316","87.92520082","91.2633404","55.84872709","12.83726366","49.81271535","36.47850495","209.1644561","67.13822022333335"
"1922","53.50892724","33.21575463","84.62069275","57.115124873333336","140.9499564","74.05959341","146.2898881","120.43314597000001","78.538716","84.32678091","60.74648556","93.54422282","79.2890513225","27.75779249","22.53599114","40.11331732","63.64442997","68.44822996","36.97793679","51.25242132","52.84461444","67.75436694","68.57432852","48.53905784","251.2226216","48.16452807","65.21766433846153","26.57988443","60.92970541","118.3907332","101.7646454","63.00996585","14.53244274","48.02427181","54.56322602","189.9077361","75.30029010666667"
"1923","56.96279724","51.39539679","68.10710452","58.82176618333333","122.8831508","66.14365348","133.325253","107.45068576","101.9310036","78.65435993","55.20534795","78.93992558","78.682659265","37.04045192","23.84299941","42.47267498","79.33196824","86.85176223","34.42062097","69.01141445","68.04732176","76.50350251","69.80418552","47.68599883","294.6410105","47.83317784","75.19131455076923","21.57324769","66.67047951","148.1100741","135.4940105","63.57173893","24.33020446","84.75579261","68.5660487","176.2399388","87.7012817"
"1924","57.02532782","64.33512896","77.13858828","66.16634835333333","100.697256","59.42485079","139.1734806","99.76519579666667","119.2764572","85.38987082","89.78884337","98.45978808","98.2287398675","39.30511396","24.65121136","38.28083527","88.2331979","73.50778123","28.60467836","65.04667466","79.89823583","73.08605229","57.32537016","47.60233918","299.8764305","50.83459678","74.32711672923077","21.53539989","97.48248697","143.6195354","109.3212341","68.48761413","21.40798331","64.25383535","69.97397111","163.8478764","84.43665962888889"
"1925","70.20670562","73.53807289","105.7913225","83.17870033666667","91.08341744","57.96719615","158.3746154","102.47507633000002","125.1851231","83.95397284","71.83009907","116.610638","99.3949582525","38.62475577","21.55896015","40.26804459","95.84483335","80.78193195","30.73131774","58.83649325","89.91619865","84.78721231","50.78176014","46.4346834","293.2038439","49.58765573","75.48905314846154","26.2589374","114.9522034","113.2579918","101.1955859","75.74710273","58.09246826","36.7532128","67.83797746","175.2731485","85.4854031388889"
"1926","66.23628546","48.21733253","104.7676525","73.07375683","91.09300304","63.78938785","177.661306","110.84789896333332","89.87689788","89.40642859","75.72989614","105.1862883","90.0498777275","37.97273721","20.5306699","39.19963029","88.61187373","77.41985953","33.19548023","56.84317647","100.4150769","81.19632822","49.31554273","45.98870056","266.9514343","38.1819767","71.98634513615383","31.47914279","101.7308847","87.13221137","69.77595948","69.38548667","39.19119887","36.07598096","72.47608014","151.9539122","73.24453968666666"
"1927","60.93712238","51.42397897","88.26849637","66.87653257333334","89.66941234","58.50114844","115.3139515","87.82817075999999","105.66701","84.38772897","77.07509563","92.54269416","89.91813219000001","36.40072045","20.92071716","37.39673532","72.49139589","70.39708347","32.88888889","53.55703594","100.8620162","67.18675926","49.85362388","46.86240645","195.023909","42.1617021","63.53869184692307","44.07421834","103.3310361","88.7875729","112.4697755","65.78271418","30.59196791","43.71518427","72.7470736","148.6881605","78.90974481111111"
"1928","76.22497305","63.9901887","85.84021831","75.35179335333333","84.98585478","59.32077924","113.1438123","85.81681543999998","121.2669441","77.41683914","77.39617088","107.8477282","95.98192058000001","34.73114019","21.21382704","42.32609644","68.50704889","76.17893712","35.25043783","55.19284391","80.15595727","65.69493417","49.5410565","47.51897256","191.5920243","42.31241847","62.324284206923075","36.20467983","133.3026652","101.3868602","112.0792318","67.53601713","18.31634175","36.60492834","64.90605703","147.0280683","79.70720550888888"
"1929","80.76603528","58.76412973","91.5299384","77.02003447","81.33054919","52.72958155","117.143846","83.73465891333333","115.9470383","77.26867494","81.28494907","89.06243181","90.89077353","34.73114019","22.9109332","53.15370251","74.27039415","78.88011903","33.34967893","56.6685884","71.77551923","70.67925132","53.58522438","47.51897256","160.91135","35.78589292","61.09390513999999","29.41927494","129.4077859","91.09434587","101.2645691","68.36767084","16.80209958","28.88076874","63.22897625","144.4285621","74.76600592444444"
"1930","74.86051787","53.96359644","85.39398824","71.40603418333333","79.67526485","54.08728934","104.6272305","79.46326156333333","104.4250417","62.44204928","43.19695937","67.94670113","69.50268787","35.47647733","29.5936698","39.07882449","61.5708663","69.31611717","34.20838323","52.37549745","51.6691053","50.92167976","51.23149446","48.74251497","109.7176504","24.82257707","50.67114290230769","23.79124758","77.27200708","68.79608646","74.29031592","55.59647151","8.617364245","21.18441634","60.54600695","143.4544478","59.28315154277777"
"1931","136.810095","99.27338804","59.5553888","98.54629061333333","79.142886","51.89432144","60.41585566","63.8176877","72.26283872","38.41359428","36.37819568","51.45311018","49.626934715000004","38.08320946","43.90301097","26.80476117","51.85875478","60.22960404","37.51017728","54.11108347","43.74167919","44.57332493","53.67457845","53.4471438","93.47182234","25.07396869","48.19100912076923","16.54174835","56.52479766","46.02305555","33.17408925","44.99623753","5.64829839","20.96339012","49.7029461","134.7289051","45.36705200555556"
"1932","110.8415493","84.90573197","40.7633298","78.83687035666667","75.0605361","49.59321369","92.79873359","72.48416112666666","47.50252696","37.66281288","33.30381696","47.70554814","41.543676235","42.4602694","56.39772014","20.46316183","43.36432112","90.43709491","41.82137628","58.47967043","43.89467461","39.36996024","35.75402635","65.62496532","107.6008158","23.35782586","51.46352940692308","15.60660069","77.4779312","43.3860414","42.32947948","39.73868349","3.529593024","14.95047592","33.00985637","115.2682688","42.81077004155556"
"1933","109.1112586","101.771853","44.92555382","85.26955514000001","80.92651947","52.27185949","74.11355553","69.10397816333334","65.40788443","33.73919936","78.60482738","69.63457588","61.8466217625","44.75364815","44.8633157","27.23230523","55.62250373","104.6206239","44.08024691","63.97898934","82.16369001","58.04459328","94.07932755","102.4755254","101.5601569","42.35706257","66.60246066692308","16.44954981","70.12167171","62.80864198","55.87803321","41.885063","6.400160475","21.52790332","52.32940698","141.6973958","52.12198069833333"
"1934","85.27427376","103.70364","55.36004598","81.44598658","102.2936175","50.59322621","109.6563188","87.51438750333334","103.1347204","42.48019432","87.36522474","83.72958119","79.1774301625","40.15557025","42.3370319","31.65228271","53.83626948","76.09136937","42.66467513","68.34339152","106.118286","57.95763496","68.29358206","102.9369736","113.2327356","51.0349533","65.74267352923076","18.81484895","82.20182836","78.36002463","138.3533775","57.59979952","13.58221617","25.56215926","68.48187115","209.5116542","76.94086441555555"
"1935","88.42349654","166.1927352","106.3627359","120.32632254666667","100.9006107","49.34037137","106.9408674","85.72728315666666","125.9328876","54.11551467","47.09764739","86.04992999","78.29899491249999","37.16748975","47.64072417","31.67627159","55.07984841","79.31011688","41.60815732","66.28274667","99.98040512","58.84447618","67.10697184","100.3879153","100.9986519","53.43080395","64.5780445446154","17.6434568","63.86042236","79.07157589","124.7055278","80.07398483","12.61079955","33.09954582","63.01092514","240.9070843","79.44259138777778"
"1936","90.19990249","188.8912384","110.2245291","129.77188999666666","99.38949939","48.8775829","116.531596","88.26622609666667","128.3347093","52.62785512","95.18740297","94.99479142","92.7861897025","36.81887694","47.19387755","34.35297952","63.30068068","69.02418009","41.21789322","70.03845016","91.22833234","65.99007709","65.97771023","99.44632586","127.8530301","41.1473643","65.66075216","23.77421906","67.5033632","79.29781291","134.8768473","80.35079652","16.67959769","35.90166286","64.28039909","228.3665034","81.22568911444445"
"1937","124.204512","201.0166946","111.5730226","145.5980764","105.7397686","39.31309767","124.7439898","89.93228535666667","152.6162834","53.85234408","77.61691102","98.6879608","95.69337482499999","34.84310605","43.52616395","46.11220329","77.95800969","67.08871082","39.78272981","84.49973183","103.0295684","84.69211913","68.02228412","95.98371006","149.4210169","38.31502115","71.79033655384616","28.34261838","75.88776299","67.39504313","76.23187014","85.52389374","18.85936044","35.25278614","71.59923284","209.8718175","74.32937614444444"
"1938","111.9938378","177.0539819","89.14266491","126.06349487","108.3215046","40.06643595","121.9239736","90.10397138333333","83.08109036","50.36070714","44.74117769","65.59291882","60.9439735025","35.33426138","44.36023522","35.68300372","62.66438516","88.31094806","40.54506742","84.32481519","81.73816856","61.07174984","62.93402594","97.82300046","105.7081757","38.15769874","64.51196426076923","17.8801155","54.05825832","55.86728886","86.85641565","68.92830082","14.5247739","29.59939236","68.36525931","218.6972464","68.30856123555556"
"1939","108.6061374","147.2346485","73.29527329","109.71201973","103.6827823","40.64334647","107.8231873","84.04977202333333","76.53710965","49.43359588","51.35100569","64.21859482","60.385076510000005","35.84303404","42.90599609","39.67134517","67.72461255","89.48763431","41.12886969","79.71506379","98.63256128","68.74748453","74.56336259","98.02658458","109.5373088","31.65302331","67.51052928692307","16.74287231","52.68297514","60.56940283","85.27792259","71.9720817","17.67225622","31.26863656","60.28846065","159.3958785","61.76338738888889"
"1940","135.6405946","148.8849444","63.04904025","115.85819308333333","106.553265","40.23778207","106.747261","84.51276935666665","95.6145706","58.82622021","48.63829006","79.2350174","70.57852456750001","33.17877263","43.51389879","40.49332434","68.77306009","79.10086272","40.71846044","77.47816347","96.70159879","84.32307428","62.21561699","96.72094366","112.6150144","31.15810037","66.6916069976923","17.61461205","50.70151494","66.72643377","86.82773367","73.28472353","19.93489383","27.88175899","60.96664038","135.9690317","59.98970476222222"
"1941","150.695685","146.2664985","88.70187135","128.55468495000002","116.3676954","38.32559962","112.4731636","89.05548620666667","103.934035","62.64621844","59.78375903","80.80107919","76.791272915","27.88443216","40.45921831","40.27588347","73.21823463","81.75933415","38.78343517","73.79624125","96.15247396","95.0233745","62.3160145","94.29678852","102.548526","29.93324282","65.88055380307694","25.00036239","76.13564849","88.11245144","181.4097432","94.04771708","21.09174674","33.00031275","74.31235756","157.8032595","83.43484434999999"
"1942","175.722691","136.9381346","99.2766703","137.31249863333335","113.3223218","34.63411549","105.3931771","84.44987146333334","110.0484175","62.18042915","60.10580067","90.31484287","80.66237254750001","22.9080738","49.93865031","36.33448291","74.05003792","74.50709613","32.00613497","66.68825973","86.8598198","94.45789798","55.46377757","86.87521209","93.07493407","34.52548663","62.12998953153847","26.45771019","81.40850537","102.9341691","157.0484451","104.2473092","19.39736035","44.64385939","87.52137326","165.5515431","87.69003056222223"
"1943","175.5217108","138.2221104","77.72953298","130.49111806","121.7018675","32.6321435","99.30108599","84.54503233000001","129.3592442","61.22073431","92.22572197","102.5944912","96.35004792","21.58390768","54.61395541","34.23422378","69.98804724","72.49120381","30.15606936","62.83344703","81.83902097","88.99790388","52.45800025","82.47003327","87.36641148","32.52979376","59.35092445538461","24.92836278","76.70281141","101.4429433","169.0627865","70.98977538","18.27612564","40.56766175","74.16433218","235.1571571","90.14355067111109"
"1944","169.5307167","138.804918","66.30646444","124.88069971333334","129.8557692","32.07591378","97.60845384","86.51337894","136.5479069","60.17719907","100.6237525","109.2529326","101.6504477675","21.21600017","57.8125","33.65068588","68.79506917","87.25049331","29.64204545","61.76242236","80.44403766","87.48089415","52.94148936","82.55598895","85.8261243","31.97530864","60.10408149230769","24.50344751","75.39537713","103.3070924","168.0948276","69.77972239","17.96460077","40.36667671","71.20149888","278.6132385","94.35849798777778"
"1945","165.9177095","131.0784626","68.03405985","121.67674398333332","133.0576923","31.36311569","95.43937709","86.62006169333334","138.906253","58.83992798","122.7589266","110.5096307","107.75368456999999","20.7445335","56.52777778","32.90289286","67.26628985","96.21425507","28.98333333","62.07522429","78.65639238","85.53687428","52.34231678","83.63850365","83.9188771","49.40946502","61.401287376153846","23.95892645","74.77437596","113.068864","159.3693487","68.22906189","17.56538742","46.97988015","69.61924335","265.6929249","93.25089031333333"
"1946","176.0162928","131.0307245","59.84792183","122.29831304333334","137.7922998","28.89130412","104.8247626","90.50278884","160.6005026","62.52470921","161.3109503","116.1363814","125.1431358775","17.83530297","38.68255593","35.56014065","77.31200019","88.38584846","29.23643808","63.9103098","75.99559749","83.35607001","53.35786929","77.97044902","128.1477697","55.73704462","63.49903047769231","28.5148837","94.56912371","133.5561348","206.8541983","62.85174586","16.18101196","52.25654963","60.76455076","262.3459928","101.98824350222223"
"1947","148.7321293","108.7305663","54.45379062","103.97216207333334","145.747538","30.32423003","126.1921383","100.75463544333333","201.3433098","87.55829272","165.8205523","138.6628503","148.34625128","15.59990242","41.64215373","47.17137452","122.3180197","80.7966889","25.57206804","61.55796638","95.002697","87.71584732","53.3373969","75.10223031","116.8483697","41.947401","66.50862430153846","75.69406169","114.7333367","133.0085684","215.8571296","113.7745567","13.19192992","61.79998614","73.63295148","230.5011666","114.68818747"
"1948","114.1028766","73.19752459","49.23833813","78.84624644","162.1941285","32.82186526","156.7078962","117.24129665333334","180.0567379","86.09023747","96.48642914","120.0722826","120.6764217775","16.23031621","45.87683911","46.01755197","139.5481668","77.95965194","24.40033223","64.87845897","112.2179207","107.4442344","55.81253976","68.82363042","157.00736","36.51665231","73.28720421692309","79.88221904","111.113814","117.2097032","156.6639936","129.2793384","12.84423692","50.52570572","72.65862754","201.3445335","103.50246354666666"
"1949","91.32390295","65.06169513","57.74350104","71.37636637333334","160.1483632","28.40433119","158.2191254","115.59060659666666","120.0265844","75.06467042","81.74845278","104.1037846","95.23587305","17.74371393","46.31925726","40.47554087","119.9651249","85.62492396","27.36603774","71.01579489","113.4072086","95.08661718","64.77434319","65.8409731","135.0241915","38.6069053","70.86543326307692","43.88085939","136.5302963","114.3424607","102.1545579","96.39607839","10.34744526","50.16973236","78.13577427","201.5685195","92.6139693411111"
"1950","62.41623485","33.78982794","52.33890426","49.51498901666667","157.3238603","32.82186526","156.7078962","115.61787392000001","134.5827479","62.69866843","88.38966585","106.4005876","98.017917445","18.29784006","44.66955387","44.34789271","102.881174","103.0315014","30.48504983","72.85703968","108.0242462","107.5734052","70.77260197","67.33813028","139.0800056","41.73331693","73.16090444076923","64.58922327","209.55456","134.6588476","201.8913965","86.58063947","23.98747207","59.48442422","68.94115925","207.2620804","117.43886697555556"
"1951","57.63766825","36.5256865","44.23171307","46.131689273333336","148.2185669","30.4214979","145.2473495","107.96247143333335","148.9324793","61.3867043","95.05853574","108.5262496","103.475992235","18.20529452","44.75970527","46.83327217","125.4725789","99.26495442","33.89530408","72.00474326","133.1797875","129.3020145","71.99646209","60.38608278","152.0008694","42.54934945","79.21926294923077","66.20722997","206.4614008","138.9184237","149.7443657","126.9722357","31.95510149","62.77309289","80.18800881","227.0698046","121.14329596222223"
"1952","59.95796456","34.54264227","39.21676665","44.572457826666664","144.4492811","34.02100685","142.1290448","106.86644425000001","143.0298805","65.01820591","105.2569062","101.7955095","103.7751255275","18.18917482","51.46354587","45.82781209","115.5525101","111.7483907","35.11864407","71.98231393","123.5409151","113.9671581","81.01839163","56.62372663","153.7401956","39.41212713","78.32191582846154","64.60171335","200.9690052","120.7778587","147.1638418","74.23321934","20.4173437","45.17580398","65.43950422","221.9265083","106.7449776211111"
"1953","66.88348059","45.36544795","53.01552313","55.08815055666667","143.9520885","37.98747471","149.0711382","110.33690047","127.5282971","72.12920845","78.35245397","88.8884515","91.724602755","19.4489224","59.77303071","54.13060709","93.93756959","126.9119015","36.51588785","76.54728043","97.54758534","75.64453841","88.18198449","52.43405119","148.2775972","40.05665167","74.56981599","67.19824891","216.0973767","109.0569164","110.5969707","65.13873175","12.73185756","36.66624955","77.72775692","232.3193521","103.05927339888889"
"1954","64.18286811","37.3750058","52.53268964","51.36352118333334","131.6562243","42.0041728","154.0402034","109.23353349999998","126.3845246","64.87828281","73.13795029","91.95022747","89.0877462925","20.18866061","45.96487032","55.53322225","97.3642055","116.2653799","37.16517857","79.37463029","93.02122248","74.24304456","87.11119554","51.62496292","138.333686","39.8629253","72.00409109538462","104.1878412","287.46804","107.691762","125.9344212","66.4136815","12.35952242","34.88399896","111.7132687","235.5692209","120.69130632"
"1955","76.04141443","46.42892194","41.63761193","54.702649433333335","131.2746221","42.16102184","154.6154095","109.35035114666665","111.439415","58.35687328","64.31051266","90.99719783","81.2759996925","22.03024315","46.67929158","70.38442356","105.3070635","107.5037904","40.34353996","84.39087295","96.31913218","85.79239893","93.25695581","51.68906603","137.084212","42.45094921","75.63322609692308","67.84635882","208.422742","108.2549107","93.49334295","69.32154217","20.54022901","34.7990444","106.3562815","232.9902618","104.66941259444444"
"1956","129.4020146","85.70903347","38.36748468","84.49284424999999","138.520001","45.69460565","152.3399804","112.18486235","114.3237612","55.62914877","69.34181673","95.21649912","83.627806455","21.9805626","51.34027121","77.3582054","109.7202611","123.7378595","38.933039","89.47344366","101.586787","92.66065571","97.87421915","50.96459554","163.9779093","42.24216245","81.6807670476923","48.66629875","212.5298467","103.330228","110.2930654","78.80230725","17.66877429","36.82698961","101.3479621","227.5298963","104.1105964888889"
"1957","110.139368","79.57545789","50.50860289","80.07447626","140.9464659","44.12004907","159.8262921","114.96426902333333","96.01616901","53.58240913","62.33501026","91.11047479","75.7610157975","22.46111951","57.8330373","52.83081501","97.00775868","151.4917172","42.84902309","94.2929956","93.10151088","67.56763911","99.66970258","49.31336635","138.7363656","40.07258294","77.47904875769231","52.66845445","198.3906528","97.19966922","101.9058002","77.11653344","15.55020996","52.72320356","89.76047654","240.253876","102.84098624111111"
"1958","114.6998428","77.45674756","56.57204683","82.90954573","131.2639534","46.84946743","155.2747251","111.12938197666666","92.08095974","55.10260082","57.30447818","81.83791006","71.5814872","21.34658931","56.29322268","44.78400023","77.99914581","131.8708977","41.70816044","93.53066502","89.55686441","53.18494195","99.05211736","48.00038944","99.50629864","38.65815447","68.88395749692309","74.21978442","164.8933728","95.87077094","85.02217771","71.1054406","13.64131384","34.80970038","90.46590772","236.4438533","96.27470241222223"
"1959","259.8091265","125.5305577","41.16141608","142.16703342666665","128.0450521","50.33586469","149.6747644","109.35189372999999","89.134256","49.80954234","55.71846704","77.55977966","68.05551126","21.08560024","67.29497354","53.75979775","77.99744015","123.0107599","41.3648834","98.48256354","95.28459344","65.92067378","100.7314012","47.5996974","110.3994516","39.37386747","72.48505410846154","60.81560381","125.5804942","92.12427063","74.69656118","71.49731819","17.61489004","29.29513988","89.02397785","236.4524708","88.56674739777777"
"1960","270.7812035","172.2075237","47.39642636","163.46171785333334","123.9511786","53.36600375","147.2263803","108.18118755","82.64720878","46.28255691","48.38048414","77.22019048","63.632610077500004","21.85069769","42.20362689","54.40245628","75.15024913","112.7534275","40.72248481","96.95312467","93.24139236","70.35750509","97.6467884","47.40336418","121.2399905","38.76238944","70.20673053384616","46.45743324","122.7944132","86.730686","114.8534308","68.46309541","18.10326001","30.49122367","88.60402632","238.7336606","90.58124769444444"
"1961","248.2001882","139.4299258","51.04670133","146.22560511000003","119.8425524","56.60455372","145.7501799","107.39909533999999","80.47043961","50.19820281","54.84618997","80.89519987","66.602508065","21.21550048","34.00735294","50.27778304","67.6735701","121.2747257","42.54010695","95.9810011","103.1091558","60.71163658","105.6977472","46.57159187","120.4450652","43.3698711","70.22116215846154","37.36680589","117.8808157","88.17524773","95.87728195","68.98468381","13.81188572","27.10425798","81.07681158","212.7068992","82.55385439555556"
"1962","256.9901485","130.8287849","49.69539521","145.83810953666668","115.9200067","59.699784","144.1125375","106.57744273333333","79.58092507","55.50912043","50.84728098","79.7213585","66.414671245","19.66108498","60.04508545","50.84216725","59.27886622","102.153867","43.04031725","94.90256288","103.1549445","52.1660322","100.9615953","46.03421692","119.0917499","49.77366935","69.3158584","35.35718062","108.3632597","84.21970933","88.86341363","64.57214575","12.80103511","27.80648949","81.9542861","189.0200556","76.99528614777778"
"1963","236.9752261","156.8379779","40.89501697","144.90274032333332","112.0114186","58.99789236","142.4182033","104.47583808666666","87.25820184","51.44480138","57.30667991","76.04834093","68.014506015","18.37305253","55.06671643","50.24441479","67.76826735","86.10902135","42.05094709","94.77749695","103.721827","58.56185265","104.2995122","45.34883993","114.0703964","53.04479038","68.72593346538461","42.14201543","103.6357419","82.75100314","92.95209352","65.63009844","11.70224808","81.62938949","79.32043309","178.6485266","82.04572774333332"
"1964","295.0972287","171.4988317","39.98852295","168.86152778333334","112.0386561","54.57970504","139.3534622","101.99060778","85.89099426","48.84549714","54.45506023","63.92305556","63.2786517975","19.0128879","58.08664426","51.78430149","81.64087007","89.32203822","41.4953271","96.6209819","138.2813366","88.76208031","105.6004827","44.8480015","123.0641492","52.34390852","76.22023152076923","38.07672978","128.1606187","82.26052398","85.21097492","69.73070848","10.86380489","55.53346651","76.14498845","195.2720582","82.36154154555555"
"1965","304.1963223","129.22187","53.30549255","162.24122828333333","109.9101559","57.24066742","135.8501419","101.00032174","87.56643419","47.47353449","50.29725087","58.12785821","60.866269439999996","19.3245115","59.87461525","55.78957606","94.43537847","85.64175683","40.79847909","94.9983862","153.7330369","83.77271937","101.5222609","44.16399988","134.0719159","51.46487584","78.4301163223077","27.04177948","124.8342932","79.33286991","83.06848477","78.02800794","10.99385178","19.11156525","80.7832053","163.2396539","74.04819017"
"1966","342.9748286","128.0292141","53.80261749","174.93555339666668","109.5042903","55.65358792","133.0258787","99.39458563999999","89.84948247","56.12271457","53.05716355","61.74191108","65.19281791750001","18.78871173","54.18427075","56.0238864","86.76581042","87.27539599","39.66728281","91.74138835","137.6193165","73.35291241","101.3751786","42.9091595","132.4209743","50.03793843","74.78170970692307","37.25515733","112.6827781","75.30444743","113.9707226","65.59745289","9.983992623","16.72910597","68.65494462","198.3239579","77.61139549588887"
"1967","339.4462743","133.0029921","45.94674129","172.79866923","108.2894932","54.08728934","133.4216994","98.59949397999999","82.052342","72.76086566","52.05039024","52.22240274","64.77150016","18.63267887","57.4465355","57.54798358","78.07720035","83.31389753","42.98203593","89.6135679","125.0734974","68.96032162","99.97400943","44.84865537","142.4589342","77.47652842","75.87737277692307","41.83618931","101.903924","79.49929372","92.77885608","60.45357515","8.027395446","17.17721867","63.80749141","158.3936694","69.31973479844446"
"1968","339.5822942","145.3166767","45.82399658","176.90765582666666","105.2769808","51.91136391","129.5308964","95.57308037","69.56155879","64.67254073","46.68823273","44.18036811","56.27567509000001","18.31192627","57.64162562","60.462495","70.70890971","71.88479022","44.44252874","89.20468337","115.9068196","63.95155021","97.34556126","49.32966411","145.1011126","70.7138676","73.4619641776923","48.39476919","98.12027987","77.20142569","81.46452636","43.83883434","7.546300228","16.43718318","54.83659832","140.9119551","63.19465247533333"
"1969","363.1444063","144.8503358","57.34111798","188.44528669333337","106.710613","52.34313282","127.4300172","95.49458767333333","71.39935076","55.50197699","44.7504228","43.55238114","53.8010329225","18.46446601","54.70216993","65.16748758","75.68709526","61.88700735","46.81756204","90.44643598","122.1353403","66.11894142","96.34868784","42.86741404","146.1363437","61.90085413","72.97536966","57.19276067","94.16107445","67.10755197","62.91979726","44.63011334","9.4120265","26.25970109","50.47616159","123.5021834","59.51793003"
"1970","365.6845906","144.6966198","55.50604099","188.62908379666666","126.4375686","49.41870959","121.9801381","99.27880542999999","75.96919729","40.48637252","41.41356833","46.72360407","51.148185552499996","18.39413109","47.90348683","74.69125824","74.91118841","61.13657738","54.10916581","90.86041796","122.1206947","64.4669823","92.74930429","40.73855609","147.2315153","52.87957241","72.47637313923077","40.60104705","116.2673981","68.33921739","81.66305622","60.50024816","7.204607705","28.88417278","54.79220132","112.7860446","63.448665925"
"1971","361.7830924","133.3787606","44.29310771","179.81832023666664","137.1962037","50.1685978","123.5965577","103.6537864","71.66667548","35.37898018","36.0565465","45.52946977","47.157917982499995","17.82037578","67.45777057","63.83047874","63.45553365","63.24489988","53.52258702","98.47212022","112.4748577","64.76547067","93.20104834","50.01335178","131.0853285","43.22648576","70.96694681615386","31.02649482","96.43032393","75.88063792","78.71228049","58.20598814","5.641726802","33.3701888","53.52403358","104.7867362","59.73093452022221"
"1972","385.172843","173.0767609","62.50890127","206.91950172333335","144.9101955","51.26014608","121.1009711","105.75710422666667","66.88305382","39.39186161","37.30908553","51.04378863","48.6569473975","15.70323291","68.42379246","60.81344606","66.89694021","72.96979185","54.63799283","86.13756614","115.4573567","76.44155551","100.1489616","79.94244193","131.0990753","59.31176896","75.99876326615384","35.95034703","104.4207117","77.55792988","66.39970337","46.91021884","5.44835677","52.24173306","47.64000511","104.4469181","60.11288042888888"
"1973","492.6341013","212.2234065","89.64361875","264.83370885","152.7429582","55.8820869","148.9769285","119.20065786666667","106.1680133","73.37143738","69.81492583","105.7651667","88.7798858025","14.00070808","68.99967861","66.58799762","68.26449104","77.02280983","56.10348706","95.31709157","139.3604963","160.2099795","99.74582964","120.7587586","147.7616833","88.65273785","92.52198069230771","59.44338354","121.6914352","122.7843992","118.9694736","76.74953743","10.48287988","64.0085132","45.19828495","103.3181814","80.29400982222222"
"1974","349.2756333","195.7026145","69.86840011","204.94888263666667","252.985147","68.6644333","365.3878546","229.01247830000003","142.4331733","120.7089288","82.67025649","109.4392368","113.8128988475","17.20755773","94.58674814","78.12279836","85.07388746","113.8599121","57.60389215","110.4857261","218.7122674","212.364368","108.8371411","135.4270266","161.8347998","111.8154255","115.8408884953846","73.9272361","115.8870273","116.0614014","143.8500379","122.5564298","10.47111668","181.0739026","56.51231418","122.3178197","104.73969840666666"
"1975","268.4151549","186.110848","88.81111858","181.11237382666664","286.5204012","92.27187084","345.6209392","241.47107041333334","112.7032912","74.17421848","71.21863257","74.79922278","83.2238412575","18.40165241","158.4781628","59.33551282","74.48793026","137.8684909","62.67459138","107.3345916","171.8458924","117.2477957","124.811103","95.83574451","136.17156","95.30954772","104.60019811538463","54.0661784","105.4913328","89.1451157","90.66510064","72.86859645","7.159854288","114.289677","54.06894604","139.2879088","80.78252334644444"
"1976","302.360858","186.5175538","73.19390598","187.35743925999998","275.302031","115.0091071","343.436664","244.58260069999997","100.0363097","49.06940208","70.48004448","62.89733016","70.620771605","19.41085469","128.406468","60.76746613","75.56908193","151.9772439","64.46083597","100.5142168","181.6158387","105.9207454","137.4825311","94.56208611","127.6367844","95.90065566","103.40190836846152","83.93590533","217.6461811","120.4543061","85.72899576","64.51579691","9.338802421","61.0480537","53.13726124","156.3529641","94.68425185122221"
"1977","270.6614502","190.2771252","65.8028507","175.58047536666666","264.8054201","147.164991","347.8557542","253.27538843333332","77.88315309","49.42440401","55.22168005","49.43689061","57.99153194","21.06931068","119.4322012","54.59095647","94.3500884","155.66352","61.04603201","105.7726776","240.1464055","82.34099671","142.8736919","113.8019715","119.4169162","97.53422509","108.31069178923077","146.0882367","335.8690379","105.456931","56.67489862","79.02027712","9.237658232","40.27116755","82.18782268","151.4002997","111.80070327799999"
"1978","357.0211346","228.1424895","71.84028206","219.00130205333335","270.5891856","157.5369013","322.7989531","250.3083466666667","76.34017765","62.13105788","49.57457058","57.22132183","61.316781985","20.26713239","102.5211372","50.50072722","96.10632109","155.1207407","51.05795768","108.6065129","262.828611","77.02873212","147.1145126","147.8991923","156.8844052","114.2150405","114.62700176153847","121.9029015","216.786169","96.68643042","84.54744345","83.17602114","10.38599858","36.03900066","55.08105602","141.5784015","94.02038025222222"
"1979","432.764676","221.55963","55.50048844","236.60826481333334","293.3454691","183.5889699","433.6743335","303.5362575","77.95318208","50.66109888","46.1207941","64.59328117","59.8320890575","20.37520305","117.375342","63.91650959","135.1416414","154.1577877","59.75471958","97.60668004","267.2075382","86.42088497","147.011103","290.2545956","209.2371719","377.2326676","155.82244958692309","106.0047457","207.6452027","92.33917148","77.85281737","81.41349752","11.95236884","40.02835786","52.87122647","131.5261665","89.07039493777776"
"1980","364.8322413","237.0309366","47.69444524","216.51920771333334","276.0129438","217.9199736","602.3295826","365.42083333333335","79.67588523","57.88770137","52.06775088","60.26115503","62.4731231275","20.97142893","112.5732667","62.48197106","95.9355861","150.899466","55.96261228","99.42412001","279.6044659","78.19500172","145.0620632","248.4122865","229.8683948","249.968941","140.71996955384614","73.83241708","165.7147615","98.23224327","70.35559517","64.02479301","11.88422079","104.5859429","51.33645046","112.4747801","83.60457825333333"
"1981","296.3238207","204.2457223","51.70809302","184.09254534000002","270.1195513","245.8553708","587.8521133","367.9423451333334","72.10863391","58.39048791","53.60443745","47.56905778","57.9181542625","20.80515404","113.1781119","46.30911138","74.85276762","139.4295239","48.58462554","94.24559059","216.3260902","78.74424266","142.8501232","162.3667151","225.4501576","116.4857515","113.81753578692309","53.42873082","124.2436375","80.7608115","45.52869499","56.71028009","8.486438118","56.1188058","41.20917397","103.9507947","63.3819297208889"
"1982","269.6581817","167.0355643","71.46117214","169.38497271333335","259.6979201","287.8256503","505.20613","350.90990013333334","52.57322637","33.43088239","40.40830257","38.77503819","41.29686238","19.60427623","102.1265729","37.97136283","46.08851803","161.759668","36.88497409","90.27271264","184.4633729","65.33518386","138.9121376","175.6813125","212.4371278","137.8015096","108.41067146","42.01836802","126.0105139","64.96368514","40.88190955","41.67738831","6.108193418","26.24190736","40.76163028","108.1719765","55.20395249755555"
"1983","266.7610187","131.4778938","55.91774921","151.38555390333335","243.4756199","293.6041072","446.2756476","327.7851249","67.19791695","30.56406356","35.39868055","40.48171414","43.4105938","19.41986346","94.71564831","39.29091435","37.97000765","128.148515","34.69678715","102.7931602","176.2257818","64.97242313","161.0193967","151.8870394","205.8251288","115.0356674","102.46156410384614","49.72352277","115.11723","73.05426094","79.21896127","45.49180014","7.342958209","25.57351251","53.66451053","108.5898507","61.975178563222215"
"1984","238.2449529","125.3876742","52.13047567","138.58770092333333","229.7980065","289.0598613","413.7567033","310.8715237","62.82137683","26.69732066","27.99137048","39.11513156","39.1562998825","19.41542812","101.2883267","32.30577182","42.89548312","136.423152","33.97305101","107.4439709","163.4582254","75.11138947","133.019065","121.6576962","197.3068608","80.93186706","95.78694519999999","53.87439891","120.8680078","67.42278903","47.34556392","63.38684811","6.334445564","15.05458863","67.25221095","109.1810413","61.19109935711112"
"1985","218.0083619","116.2609375","50.02179368","128.09703102666666","222.9826907","263.3802169","379.9130384","288.75864866666666","49.39893094","22.21941458","30.65282075","34.29437355","34.141384955","18.74779723","103.0738848","30.63770972","30.91511855","128.5445102","34.24907063","113.2408968","149.8134265","61.63048867","124.2600649","125.4834257","119.6278523","68.73927211","85.30488600846154","48.94868381","118.2539367","48.08582016","28.29053846","42.03882727","4.845961124","11.34217224","41.44043622","98.82386047","49.118915161555556"
"1986","207.8707708","133.2333448","53.9729957","131.69237043333334","205.1159862","199.8540146","193.7523851","199.57412863333332","37.02018253","19.63171962","22.08830514","30.69318203","27.35834733","20.92310355","90.18508863","29.63076425","32.24666712","120.0907473","26.19708029","111.1744571","90.98860825","58.23545655","108.0866594","153.224694","183.9608544","61.47911598","83.57102283230769","44.11558483","154.2506865","37.82570093","34.66231112","21.18893101","5.057473281","16.6001163","38.59360098","98.77983743","50.11936026455556"
"1987","228.7139487","129.089739","49.87256866","135.89208545333335","193.4334385","165.9815595","246.14889","201.8546293333333","30.15275395","20.75545504","23.31288128","30.06909297","26.07254581","16.34651262","84.19454225","37.01522672","45.84252817","121.7635647","31.52816901","76.19455866","80.55932878","59.47057969","90.25471981","157.7916428","211.371727","75.08286602","83.6473820176923","41.01159805","86.84512289","56.95260511","35.37114224","27.25049384","5.956908054","17.88684426","37.04713955","98.3969789","45.19098143266667"
"1988","231.6981539","138.1960856","31.38325348","133.75916432666668","182.2561696","161.2960236","199.0311391","180.86111076666668","42.57045011","25.77145038","34.6100698","34.88008134","34.4580129075","25.58676113","129.0152156","51.8800644","48.37201271","144.5053653","86.32290786","73.72298032","81.8471088","88.75116242","82.86253844","129.2329803","193.5373403","64.85801947","92.34572746538463","31.29302802","100.9968909","46.42775272","46.11123409","33.39248759","6.883869419","25.90604703","33.99775957","84.93241591","45.54905391655556"
"1989","225.6126477","126.9347229","24.68510541","125.74415867","172.2438345","153.8816096","231.9279486","186.01779756666667","41.68593565","26.58211651","26.99182281","36.42405119","32.92098154","18.6691375","145.3571429","54.18868458","47.34419254","171.9659934","79.37096774","79.91584853","94.50431232","127.5277035","87.43376802","121.715085","176.9576478","56.15295201","97.00795660307693","23.38161167","75.82383628","52.9922885","46.74108008","25.53580461","5.375546426","31.02876589","37.50876806","104.0007033","44.70982275733334"
"1990","213.5618707","137.8401101","36.83331693","129.41176591","163.5931171","147.7209948","278.8305973","196.7149030666667","39.84066255","22.77252762","25.98109061","27.60665639","29.050234292499997","14.87971738","99.20319161","48.03738689","54.12776636","184.923942","50.16373374","79.02987734","63.93214522","106.6459255","81.89161471","111.9353235","155.0384973","39.09801921","83.76208775076924","22.64119975","59.42843473","54.62751833","43.22707694","20.03246233","4.546726631","28.87630255","40.12300783","105.6660435","42.12986362122222"
"1991","212.9431409","116.0700243","31.28664924","120.09993814666666","157.330325","135.9528892","227.7730681","173.68542743333333","37.4885371","23.70989314","26.24413435","26.97117626","28.603435212500003","11.34468209","96.05097546","40.50840189","35.73795394","208.1845192","44.33480176","76.46956887","56.40670562","76.05085662","76.55012966","101.1251945","117.9564581","36.05271387","75.13638166000001","20.49862257","54.17144261","48.33728199","25.21073323","22.49101568","4.166751335","19.7896799","31.32628259","104.623878","36.73507643388889"
"1992","190.515273","128.1566811","19.27553489","112.64916299666667","148.7879326","140.0274816","215.2954459","168.03695336666667","34.84624961","20.97918777","27.5616977","29.00107443","28.0970523775","10.60802348","90.96476937","38.35515289","33.63676803","163.8421039","36.92088382","62.99154872","59.7105366","83.50833181","70.60978754","99.06236239","111.8049636","33.2174001","68.86404863461537","18.30950388","39.63422025","35.7598473","37.49208146","25.34390567","4.220432523","19.40581944","29.1431961","99.80998397","34.346554510333334"
"1993","197.2590415","136.4380781","21.37788698","118.35833552666668","141.0647988","159.3984233","188.1648583","162.8760268","33.72299106","18.05470615","28.67206763","26.09137292","26.63528444","9.353267611","69.30869995","31.23163513","24.53328022","147.1095131","27.09065744","64.51958993","49.04317297","62.08486434","61.84554222","103.5016369","112.873586","43.18800461","61.975650032384614","18.05796666","42.52372992","34.77387822","40.10999259","23.6223502","3.953653174","20.86039597","28.48328087","75.94104516","32.03625475155555"
"1994","171.415375","136.1410361","18.22414331","108.59351813666666","135.070847","140.9435564","172.7875777","149.6006603666667","34.08037209","19.99380564","29.60071759","26.98661558","27.665377725","11.82385318","68.06872952","36.7287683","32.24370988","142.7254819","31.65721997","64.64866179","50.62363989","63.02454702","58.89912999","102.1808985","118.8769865","40.42299778","63.22497109384615","22.00591984","87.90006075","46.68412429","33.52165373","32.21920211","5.220719783","24.57441566","25.66292207","72.57052271","38.92883788255555"
"1995","136.2644543","116.625074","19.72817412","90.87256747333333","130.7346444","114.8334551","177.5317574","141.03328563333335","38.46351019","23.147459","30.91716829","33.83003455","31.589543007499998","14.05846085","115.4082302","45.44033873","36.11762067","138.1004475","39.96194226","62.86700575","55.98546272","63.13472405","62.95806109","100.767807","119.7602142","42.43292505","68.99948000538463","21.95834515","86.11549634","54.80078571","35.15452107","37.2506631","7.125263269","26.20647669","24.89637023","70.61807715","40.458444301"
"1996","123.9039731","142.3963184","28.2228215","98.17437100000001","125.047519","156.1559336","202.9359865","161.37981303333333","50.69707716","23.69342727","38.31470265","33.22091809","36.481531292499994","11.38661202","86.52872621","34.5035188","43.04874139","145.5605352","35.37284895","61.06393676","53.95321488","61.35123511","63.80158117","88.38287457","108.6750605","37.86932779","63.96140102692308","21.67314017","67.62809534","44.35963578","40.04425647","30.57664937","6.104946696","22.91545707","26.97466671","79.28166057","37.728723130666665"
"1997","125.8871727","143.3779362","21.73475822","96.99995570666665","119.6686728","163.2054469","186.5028294","156.45898303333334","35.23268678","20.72328147","37.96146026","24.22630236","29.535932717500003","11.82366238","92.376502","33.46369893","33.92371063","139.0118807","31.95140187","62.21435344","48.30906816","76.18862172","64.52866706","73.54855086","106.4593306","46.52926811","63.10220895846153","23.56204359","102.2740655","42.73496919","34.59419922","30.73063221","4.356962657","21.30295867","32.71483706","89.58209359","42.428084631888886"
"1998","115.2864777","114.4233795","13.39960935","81.03648885","118.9331683","135.7657327","131.523779","128.74089333333333","28.52502841","20.60473602","24.81980824","18.58730266","23.134218832500004","9.881749055","81.06113059","23.93832328","28.29099192","127.3952123","21.0196319","58.15836604","46.6717432","58.3229814","66.30152722","70.35885514","98.70502992","42.76382262","56.37456650653846","24.02693713","72.03431461","34.78689099","39.14327498","37.20277421","3.042364301","16.46338757","31.99341054","83.32698613","38.00226005122223"
"1999","120.4880479","106.2396007","12.76175129","79.82979996333334","111.9182693","148.4194503","173.614941","144.65088686666667","24.37017672","16.4331447","22.13795698","15.12453347","19.5164529675","9.69399782","61.85967244","22.27130642","26.31700177","112.8319297","26.69507803","49.5978497","44.53578084","60.56333691","55.72067125","66.15066927","98.07204605","39.34399686","51.81948746615384","15.92042651","54.14894805","27.58863735","23.68009767","23.64819348","2.592569171","11.30680043","28.13634745","74.31883332","29.03787260344444"
"2000","122.1826354","103.1187383","16.48445044","80.59527471333332","109.3197917","241.2883605","256.0258592","202.21133713333333","22.71141095","13.00765433","24.53165678","14.57596292","18.706671245","10.67452428","64.23739008","24.84318472","22.99532988","118.7525839","37.12891986","58.33782048","43.34359434","61.3091033","51.89710134","64.02925065","136.5836038","36.11387491","56.17279088769231","12.28875415","43.90475939","29.67894137","28.84964624","16.28040186","2.670114155","14.28730509","27.76651862","70.36591001","27.343594542777776"
"2001","130.9291214","111.4975403","16.60871679","86.34512616333335","111.6208937","255.013476","212.4336369","193.02266886666666","22.53805281","10.72354877","26.23820682","15.60648692","18.77657383","9.67228117","70.0931677","21.02302059","23.45350484","104.9519087","24.86166008","41.51617831","34.7691728","46.87940058","47.91859389","60.4576131","129.145362","30.99789127","49.672288848461534","14.09819379","30.53569451","23.4486816","25.43880106","14.57563498","2.126063569","14.66481629","22.99980983","69.07194214","24.10662641877778"
"2002","127.4062795","124.5244116","12.57791706","88.16953605333333","115.1264727","185.1452411","211.121339","170.46435093333332","25.01785792","11.72543408","29.98427825","18.51230488","21.3099687825","8.903583381","63.8650134","20.44920719","21.95011806","91.99049893","27.84769316","46.56027552","30.99254816","40.53377089","49.86836659","68.01242794","129.5600781","32.11654795","48.66539455930769","23.08759367","29.69902842","22.23614217","27.88557017","19.60190256","3.052669891","11.51222791","21.33637026","62.10967399","24.502353226777775"
"2003","117.1655816","143.1393371","13.89540936","91.40010935333333","113.2389786","299.4495742","245.7718536","219.48680213333333","25.64381198","11.92046675","25.87238566","18.31211683","20.437195305","9.230015536","72.85256887","22.8099107","24.4169994","114.3831968","38.72934783","59.09504218","36.52874977","42.1269841","58.35800185","78.01522532","162.4291164","33.28721484","57.86633643046154","22.23056692","30.29533734","29.84386127","33.08762976","21.76794337","3.987595429","11.58761006","21.0083881","58.54909638","25.817558736555558"
"2004","144.8425245","165.0987017","17.99815023","109.31312547666666","126.1061304","326.3490747","319.0800069","257.178404","27.29313652","14.30779164","27.69558818","18.45752803","21.9385110925","10.77606157","106.189972","35.78957885","40.93988802","202.743888","54.06034939","90.33173422","61.87879177","51.94111975","67.47958506","85.68235125","193.460771","44.36238555","80.43357511","19.1677","36.98594511","28.37596438","26.81481771","22.54668382","4.667605272","11.40864603","22.74315705","59.05872666","25.752138447999997"
"2005","145.9163817","154.1181519","16.59408853","105.54287404333333","146.8792286","423.7633881","420.3162967","330.3196378","21.50000294","16.20531945","27.45354146","16.8025158","20.4903449125","11.53329115","112.385707","44.43667439","43.61000239","128.0946469","55.69892473","110.1200355","51.88570529","66.17813047","77.68343302","89.95806766","198.5345608","47.05920616","79.78295272769232","18.39926788","51.06340648","24.45665816","25.18793698","19.52910939","5.187236064","15.22142898","21.49513185","58.15393593","26.521567968222225"
"2006","137.5919434","135.7603044","15.16987683","96.17404154333333","152.0329733","357.8755523","476.4947706","328.8010987333333","24.05142734","16.55549037","26.75680385","19.52323567","21.721739307500002","15.12569423","101.6634779","78.65854329","55.80564055","139.4288643","88.82936508","101.0641116","59.80608479","151.6753704","92.43752111","118.2480888","244.9640291","71.93832672","101.51116291307693","18.44754368","49.27099446","24.65776935","28.50788164","21.44102342","7.053910494","22.04978156","23.66795518","59.96249094","28.33992785822222"
"2007","136.708896","134.7395737","14.70189027","95.38345332333334","153.3881737","340.3444116","507.0193077","333.5839643333333","33.79663963","17.62873187","39.25918781","27.13167884","29.4540595375","15.09771097","140.912442","80.98752625","108.5445593","201.6587625","132.7674351","90.07739855","96.26960629","146.7334091","99.23386195","132.4895169","271.6982567","81.08476326","122.88886529769232","21.99729508","51.73622625","26.40952154","36.41011674","34.00456009","7.597305523","14.61553757","25.02901875","65.09374526","31.432591867000003"
"2008","158.7151974","144.4189122","14.3770574","105.83705566666667","186.0584486","417.9612241","672.6981094","425.57259403333336","45.6631257","35.76266585","47.69355854","36.38041232","41.374940602500004","14.17912232","235.6230509","76.21445431","84.70580428","388.4062036","72.52206224","139.321079","118.0502248","81.95843217","120.1802532","159.9884764","315.9656441","87.45425132","145.73608143384615","27.96421767","56.37039588","28.69163899","51.3517555","39.81061263","8.586927961","17.87566075","28.65390719","67.86243896","36.351950614555555"
"2009","133.8227596","135.1767923","12.44804553","93.81586581","201.4325974","193.1432295","418.1807203","270.91884906666667","35.5314687","30.20902527","37.33578801","24.12708597","31.8008419875","9.207674528","137.5384544","56.62463554","69.90506384","224.3703789","50.35890743","108.1584787","86.87604266","72.36749969","150.47494","179.0401825","242.5174959","85.91498521","113.33497994599999","31.45679078","58.2138679","25.28290395","35.41520741","28.7602671","6.131570435","25.43487992","32.36148775","80.37054308","35.936390925000005"
"2010","167.3663089","165.2699008","16.3462918","116.3275005","230.3666485","231.9656654","529.5535827","330.6286322","36.34175622","26.25089141","37.47819412","22.93143494","30.7505691725","11.82491543","176.646991","81.51245766","85.94538763","241.695454","73.97963863","111.4411888","128.49202","92.75023302","160.2771831","221.8347565","318.9947265","116.3241627","140.13223961307693","33.56580386","78.02552566","41.09820119","34.39681104","37.32973594","11.32928454","29.36061817","33.7200024","80.90337329","42.192150676666664"
"2011","195.6820114","199.9018226","18.95746208","138.1804320266667","259.3017186","198.2677626","614.5093909","357.3596240333333","56.19149841","26.97098898","56.05078631","32.30304952","42.879080805","12.65140679","167.9509224","92.23191717","93.14568103","263.1946268","75.33116891","119.5121084","159.4195567","91.377422","177.6878669","275.9874865","330.9329509","196.1224557","158.1188900153846","30.95085646","104.6339868","58.07687174","62.57554193","45.20985659","14.68044709","34.75840285","33.09217533","81.17682537","51.68388490666667"
"2012","196.4715823","179.9151064","17.26645082","131.21771317333335","208.3216091","130.5669497","596.3417688","311.74344253333334","60.99773075","27.79116463","54.27865468","32.32941921","43.8492423175","10.43738174","171.0022441","81.6466238","78.34687088","214.557304","56.51350579","111.6090221","126.2742893","79.51544426","133.3551923","286.2741228","292.1474359","170.4316699","139.39316206692305","24.33900012","70.5194468","33.62745561","56.21683269","39.33167436","10.04","28.21606545","32.16940081","76.29290773","41.19475373"
"2013","190.3474175","164.4867984","17.78241249","124.20554279666668","206.3569693","167.0765705","611.1512786","328.19493946666665","55.4101712","24.48127049","55.77636783","30.63572898","41.575884625","9.398564461","146.2211864","74.43579227","80.18255735","175.3557928","47.70509915","102.9579309","131.5094659","76.73808826","138.3637423","238.4818279","275.8462671","128.2532905","125.03458502238462","24.44954284","51.98491983","33.5610251","61.27054508","33.22676595","8.75","22.83","31.3","80.17","38.61586653333333"
"2014","229.4920887","184.54","20.96","144.9973629","185.4454826","236.18","576.83","332.81849420000003","36.75","19.97","53.55846965","26.37","34.1621174125","9.4","156.48","68.35","77.87","168.32","53.22","100.762635","128.18","86.16","98.25","212.4","255.14","102.07","116.66174115384615","30.47","74.14","30.18","44.18","31.61","6.1","21.79","29.53","86.6","39.400000000000006"
"2015","203.6673656","149.6822626","13.74763609","122.36575476333333","157.770794","122.7174656","299.7631744","193.41714466666667","32.904916","17.67001995","51.52193848","22.00942719","31.026575405","8.343980484","131.5444262","54.62","65.9","134.054465","37.09862256","94.55008038","93.37197823","76.46185461","55.60583799","193.1561911","192.5805362","83.27980694","93.88982920723078","30.96712084","58.71566875","25.84367952","46.15014902","23.78955658","4.817820503","17.08719034","29.17459997","84.78156877","35.70303936588889"
