Release: EDGARv4.3.2 of September 2016,,,,,,,,,,,,,,,,,,,,,,,,,,,,,,,,,,,,,,,,,,,,,
Timeseries 1970-2012 of GHG per GDP emissions by country in ton CO2eq / 1000USD GDP / year (GWP-100 of AR4).,,,,,,,,,,,,,,,,,,,,,,,,,,,,,,,,,,,,,,,,,,,,,
"Reference: European Commission, Joint Research Centre (EC-JRC)/Netherlands Environmental Assessment Agency (PBL). Emissions Database for Global Atmospheric Research (EDGAR), release EDGARv4.3.2  (1970 - 2012), http://edgar.jrc.ec.europa.eu/overview.php?v=booklet2017&dst=GHGgdp, 2017.",,,,,,,,,,,,,,,,,,,,,,,,,,,,,,,,,,,,,,,,,,,,,
"How to cite: Janssens-Maenhout, G., Crippa, M., Guizzardi, D., Muntean, M., Schaaf, E., Olivier, J.G.J., Peters, J.A.H.W., Schure, K.M., Fossil CO2 and GHG emissions of all world countries, EUR 28766 EN,Publications Office of the European Union, Luxembourg, 2017, ISBN 978-92-79-73207-2, doi:10.2760/709792, JRC107877 and Janssens-Maenhout, G., Crippa, M., Guizzardi, D., Muntean, M., Schaaf, E., Dentener, F., Bergamaschi, P., Pagliari, V., Olivier, J.G.J., Peters, J.A.H.W., van Aardenne, J.A., Monni, S., Doering, U., Petrescu, A.M.R. (2017) EDGARv4.3.2 Global Atlas of the three major Greenhouse Gas Emissions for the period 1970-2012, Earth Syst. Sci. Data Discuss., https://doi.org/10.5194/essd-2017-79, in review, 2017.",,,,,,,,,,,,,,,,,,,,,,,,,,,,,,,,,,,,,,,,,,,,,
,,,,,,,,,,,,,,,,,,,,,,,,,,,,,,,,,,,,,,,,,,,,,
ISO_CODE,ISO_NAME,substance,1970,1971,1972,1973,1974,1975,1976,1977,1978,1979,1980,1981,1982,1983,1984,1985,1986,1987,1988,1989,1990,1991,1992,1993,1994,1995,1996,1997,1998,1999,2000,2001,2002,2003,2004,2005,2006,2007,2008,2009,2010,2011,2012
AFG,Afghanistan,CO2eq/GDP,0,0,0,0,0,0,0,0,0,0,0,0,0,0,0,0,0,0,0,0,0.714147,0.713383,0.693409,0.695242,0.702265,0.72975,0.773492,0.791574,0.792135,0.82586,0.737565,0.634845,0.707912,0.692232,0.687344,0.642477,0.620312,0.543329,0.595797,0.531723,0.561773,0.545013,0.478037
ALB,Albania,CO2eq/GDP,0.960599,0.923263,0.96827,0.893991,0.890898,0.880292,0.909211,0.922893,0.991329,1.065423,1.056134,0.944368,0.915233,0.938309,0.983689,0.930438,0.96305,0.943872,0.962201,0.976639,0.788363,0.845116,0.668406,0.608675,0.65547,0.529685,0.467066,0.466186,0.441621,0.475063,0.454021,0.431713,0.448336,0.437136,0.42349,0.384881,0.363803,0.340876,0.308762,0.279194,0.281584,0.284046,0.271724
DZA,Algeria,CO2eq/GDP,0.742141,0.813948,1.44629,1.775668,1.304361,0.909443,1.130252,1.230142,1.145463,0.923712,0.855158,0.727432,0.622778,0.590825,0.638535,0.77621,0.703826,0.650943,0.637281,0.673798,0.569175,0.595392,0.733338,0.732188,0.708439,0.705575,0.662558,0.604753,0.55142,0.539799,0.528485,0.483913,0.460445,0.47151,0.44027,0.434542,0.447539,0.43062,0.438168,0.426409,0.418993,0.413959,0.412985
AGO,Angola,CO2eq/GDP,1.1523,1.030337,1.102621,1.252859,1.207877,1.129956,0.817237,1.436592,1.524668,1.680891,1.686307,1.535855,1.587828,1.642271,1.604766,1.545837,1.515461,1.501057,1.45726,1.383764,0.969425,1.033618,1.164698,1.514621,1.33378,1.345626,1.400872,1.293384,1.231258,1.144943,0.976258,0.909443,0.956359,0.931771,0.829625,0.700481,0.573208,0.466957,0.439174,0.434607,0.46558,0.450259,0.431173
AIA,Anguilla,CO2eq/GDP,0.071783,0.074183,0.077294,0.067869,0.067647,0.07123,0.064765,0.065223,0.072256,0.071353,0.078205,0.099452,0.099215,0.085005,0.081058,0.059506,0.050226,0.061158,0.053973,0.053236,0.045674,0.070628,0.055029,0.063571,0.078905,0.095778,0.098642,0.085991,0.069017,0.06114,0.081181,0.083378,0.07053,0.073464,0.065603,0.055251,0.05024,0.041052,0.047258,0.083231,0.098982,0.103327,0.109626
ATG,Antigua and Barbuda,CO2eq/GDP,0.508028,0.50022,0.555352,0.565258,0.451264,0.540067,0.502294,0.612652,0.550322,0.536804,0.42401,0.402498,0.469414,0.343854,0.37104,0.310917,0.309358,0.309762,0.323654,0.300523,0.286839,0.284068,0.280123,0.253813,0.254552,0.274852,0.261969,0.243524,0.230035,0.22485,0.230724,0.249424,0.237119,0.232218,0.229018,0.213284,0.187771,0.179591,0.180147,0.209299,0.236881,0.254374,0.245908
ARG,Argentina,CO2eq/GDP,1.25356,1.207429,1.21391,1.233467,1.16736,1.192455,1.29624,1.254001,1.318886,1.223336,1.146793,1.170695,1.221117,1.190257,1.218958,1.254915,1.175096,1.156305,1.264653,1.371376,1.365503,1.193959,1.088413,1.054448,1.045468,1.019505,1.042707,0.931825,0.88749,0.937009,0.9392,0.961475,1.071037,1.063855,1.035145,0.963369,0.928524,0.880142,0.876197,0.827209,0.765539,0.704934,0.696025
ARM,Armenia,CO2eq/GDP,2.083564,2.003466,2.040789,2.030655,2.074464,2.164128,2.096796,2.070238,2.049273,2.059453,2.138435,2.131935,2.120549,2.068442,2.052791,2.060664,1.986663,1.980848,1.975573,1.889235,1.792187,2.084994,1.992854,1.193685,0.771122,0.818311,0.650043,0.724724,0.681876,0.617982,0.636015,0.589279,0.480206,0.455976,0.445068,0.438587,0.394753,0.390467,0.38842,0.387367,0.355125,0.370036,0.347447
AUS,Australia,CO2eq/GDP,1.155168,1.130878,1.12878,1.119292,1.117895,1.183596,1.171666,1.139867,1.088636,1.053661,1.041933,1.017099,0.997456,0.97349,0.999689,0.980079,0.938264,0.940242,0.919642,0.933182,0.912045,0.92067,0.917421,0.886356,0.861614,0.84512,0.83757,0.826014,0.82565,0.801205,0.787659,0.794696,0.77652,0.760174,0.75596,0.742451,0.710152,0.707366,0.682995,0.675939,0.642925,0.641594,0.622723
AUT,Austria,CO2eq/GDP,0.515609,0.502543,0.492143,0.486617,0.450625,0.42185,0.449394,0.423975,0.420128,0.435953,0.409603,0.383268,0.3726,0.36519,0.365306,0.369703,0.355105,0.347696,0.337118,0.330865,0.33724,0.341074,0.312437,0.311352,0.303663,0.306611,0.313312,0.303793,0.295218,0.277838,0.270433,0.281338,0.282715,0.296875,0.289448,0.286527,0.270203,0.254219,0.252693,0.239128,0.253917,0.244816,0.239833
AZE,Azerbaijan,CO2eq/GDP,1.917706,1.8578,1.839578,1.866227,1.90629,2.017936,2.013983,2.027472,2.046199,1.761761,1.807641,1.808946,1.791809,1.776502,1.78673,1.817294,1.762038,1.771814,2.036961,1.974772,1.381041,1.336414,1.385491,1.326691,1.492793,1.657233,1.430115,1.314777,1.208884,1.180074,1.10982,0.985506,0.888991,0.862122,0.780828,0.660663,0.507375,0.398349,0.411959,0.336376,0.313048,0.336853,0.342805
BHS,Bahamas,CO2eq/GDP,0.785879,0.789017,0.908845,1.039505,0.767738,1.115606,1.110653,1.18275,1.136855,0.934266,0.744597,0.710071,0.611346,0.452823,0.44027,0.384177,0.38691,0.409331,0.41792,0.446113,0.446349,0.454058,0.41781,0.39899,0.416652,0.454902,0.490155,0.464862,0.426619,0.374664,0.338775,0.343219,0.335622,0.38143,0.382521,0.364552,0.366059,0.385954,0.405065,0.427619,0.452975,0.488717,0.479645
BHR,Bahrain,CO2eq/GDP,0.525274,0.520589,0.592127,0.692717,0.723045,0.554356,0.661455,0.576219,0.545566,0.564843,0.724751,0.721442,0.729139,0.708317,0.683963,0.774879,0.896753,0.870399,0.905827,0.85398,0.872382,0.763825,0.749803,0.666433,0.672878,0.652397,0.653948,0.669184,0.672624,0.653776,0.628973,0.639704,0.649913,0.629917,0.528847,0.539139,0.506651,0.534706,0.494507,0.49375,0.480962,0.485176,0.468405
BGD,Bangladesh,CO2eq/GDP,1.376013,1.213017,1.25485,1.332403,1.550876,1.579431,1.608816,1.423608,1.36398,1.35356,1.217205,1.188919,1.174795,1.07764,1.060499,1.041908,1.028794,0.983742,0.961976,0.969282,0.930801,0.889561,0.856376,0.814643,0.797075,0.789885,0.761872,0.737719,0.696306,0.694479,0.671601,0.663817,0.660522,0.642784,0.609243,0.59607,0.574705,0.55864,0.55858,0.549363,0.541626,0.517584,0.483999
BRB,Barbados,CO2eq/GDP,0.231203,0.208562,0.217812,0.23594,0.203331,0.266716,0.214535,0.285195,0.299679,0.291184,0.277752,0.275008,0.273882,0.300509,0.336304,0.348017,0.381903,0.38911,0.352459,0.349637,0.33795,0.368148,0.386745,0.350503,0.336074,0.33634,0.327902,0.333725,0.345717,0.352758,0.361878,0.365544,0.356119,0.35287,0.350249,0.331264,0.307445,0.315256,0.309478,0.326826,0.337144,0.355276,0.3497
BLR,Belarus,CO2eq/GDP,2.439907,2.36961,2.39901,2.35458,2.336061,2.436418,2.315314,2.285201,2.22616,2.236464,2.218357,2.235664,2.174385,2.124749,2.085185,2.053827,1.9863,1.966292,1.900808,1.794798,1.743484,1.689698,1.704652,1.63154,1.60397,1.630786,1.598125,1.435557,1.296903,1.218041,1.116762,1.047676,0.994494,0.948012,0.914887,0.857258,0.829697,0.743237,0.704145,0.691895,0.679763,0.712724,0.707469
BEL,Belgium,CO2eq/GDP,1.029845,0.917277,0.949296,0.922918,0.860915,0.731746,0.787202,0.731694,0.743083,0.754238,0.686074,0.611607,0.578875,0.542769,0.553492,0.532223,0.52469,0.511639,0.501532,0.481302,0.466848,0.471921,0.456989,0.455016,0.45877,0.456101,0.464222,0.43766,0.437523,0.412334,0.400149,0.392995,0.36958,0.382846,0.363572,0.34582,0.332484,0.31269,0.319695,0.300769,0.310534,0.28722,0.275683
BLZ,Belize,CO2eq/GDP,1.131168,1.055234,1.121082,1.140253,1.160885,1.094738,1.002601,1.215553,1.132943,1.069886,1.082049,0.873941,0.843198,0.921137,0.930496,0.848071,1.022295,1.050102,0.767119,0.798146,0.785003,0.741846,0.649298,0.580482,0.583017,0.569626,0.567517,0.680416,0.628495,0.636265,0.56578,0.616831,0.57152,0.524196,0.510582,0.492364,0.483669,0.495783,0.480686,0.503798,0.527087,0.515075,0.499856
BEN,Benin,CO2eq/GDP,0.503559,0.477581,0.503864,0.508303,0.471598,0.463522,0.522389,0.506804,0.508219,0.54365,0.543367,0.497338,0.511257,0.522467,0.549708,0.579384,0.520783,0.503342,0.514692,0.494298,0.539692,0.522158,0.523667,0.506035,0.530266,0.486626,0.567803,0.577536,0.551633,0.568071,0.541869,0.555105,0.571699,0.58026,0.579135,0.598978,0.663016,0.672075,0.651962,0.66648,0.687928,0.691352,0.680092
BMU,Bermuda,CO2eq/GDP,0.176361,0.098228,0.074265,0.097825,0.08814,0.129132,0.100018,0.091156,0.08964,0.083483,0.089982,0.108343,0.11099,0.134887,0.136206,0.11053,0.14954,0.114309,0.099715,0.173612,0.238625,0.222722,0.182026,0.177087,0.184061,0.179174,0.181508,0.155776,0.146605,0.14288,0.149676,0.144166,0.145939,0.146771,0.149071,0.14222,0.133801,0.125638,0.126676,0.134969,0.14597,0.165182,0.17387
BTN,Bhutan,CO2eq/GDP,3.610724,3.54127,3.093882,3.510162,3.438863,3.561985,3.09104,2.26186,2.827849,2.32084,2.72904,2.616137,2.341243,2.401114,2.20562,2.050853,1.914593,1.750005,1.392955,1.275036,1.284713,1.283545,1.175607,1.097712,1.216773,1.149793,1.130459,1.119819,1.037943,0.981226,0.720485,0.66677,0.611631,0.533325,0.562073,0.554674,0.53929,0.482437,0.458184,0.49321,0.463262,0.46966,0.450578
BOL,Bolivia,CO2eq/GDP,0.809851,0.970084,1.057108,0.926376,0.843605,0.840182,0.896919,0.797205,0.907126,0.826346,0.817469,0.812132,0.810842,0.920718,0.912576,0.946585,0.878404,0.934334,1.005163,1.095158,1.021726,1.02667,1.086886,1.271243,1.214219,0.935623,0.887579,0.930309,0.819455,0.800928,0.779431,0.751558,0.771405,0.798521,0.82064,0.818103,0.806045,0.80345,0.792028,0.785329,0.800632,0.800905,0.792058
BIH,Bosnia and Herzegovina,CO2eq/GDP,2.851435,2.77192,2.52962,2.658686,2.478674,2.537009,2.233709,2.208416,1.986338,1.864306,1.796377,2.000536,2.171011,2.338796,2.285623,2.365034,2.301528,2.24429,2.245695,2.266414,4.104634,5.251769,4.382515,3.42961,1.019315,0.837326,0.492264,0.655331,0.699634,0.637144,0.748114,0.707567,0.705861,0.702303,0.698389,0.673842,0.70607,0.695481,0.720005,0.74018,0.751228,0.827216,0.818235
BWA,Botswana,CO2eq/GDP,3.944133,3.547178,3.185669,2.640699,2.336701,2.316639,2.511363,2.403445,2.046405,1.818846,1.529772,1.615131,1.508232,1.248449,1.087118,0.99109,0.947681,0.879146,0.859991,0.752994,0.799071,0.672827,0.676412,0.630351,0.632032,0.661379,0.564074,0.539067,0.591769,0.56341,0.569658,0.537744,0.474046,0.443595,0.439204,0.442858,0.410394,0.37465,0.361967,0.394386,0.411663,0.365722,0.360535
BRA,Brazil,CO2eq/GDP,0.685869,0.611216,0.577753,0.547379,0.513326,0.491507,0.513556,0.489303,0.490198,0.492439,0.484034,0.434213,0.459237,0.453313,0.488651,0.472583,0.460124,0.438491,0.429965,0.438276,0.419429,0.429485,0.443189,0.438164,0.433451,0.434645,0.430716,0.430829,0.436216,0.442036,0.44017,0.441899,0.43889,0.44961,0.442178,0.433678,0.419249,0.398404,0.391855,0.381827,0.379558,0.37402,0.369961
BRN,Brunei,CO2eq/GDP,3.823394,3.15964,3.548838,3.367088,2.401669,1.816416,1.616929,1.335836,1.53673,1.005717,0.859494,0.385465,0.533063,0.550516,0.278874,0.274255,0.264986,0.377343,0.353111,0.355946,0.364957,0.411718,0.404367,0.388766,0.397793,0.400697,0.398434,0.429377,0.396231,0.392987,0.402495,0.404507,0.374184,0.410607,0.380719,0.370776,0.470394,0.449793,0.520101,0.494814,0.447892,0.446092,0.42975
BGR,Bulgaria,CO2eq/GDP,3.218837,3.021246,2.928939,2.76188,2.596987,2.549606,2.338349,2.274887,2.246793,2.197042,2.103063,1.927356,1.865717,1.772554,1.689153,1.644115,1.629755,1.547462,1.469688,1.412131,1.306425,1.171749,1.185496,1.189275,1.110298,1.053331,1.053124,0.997741,0.905819,0.874596,0.831493,0.820842,0.73525,0.770883,0.708198,0.668761,0.636018,0.625575,0.56624,0.514418,0.535402,0.574063,0.56879
BFA,Burkina Faso,CO2eq/GDP,2.002567,2.060292,2.013982,1.616033,1.725038,1.627268,1.676551,1.712954,1.623751,1.546222,1.509917,1.511969,1.518882,1.534034,1.59814,1.738397,1.612733,1.554686,1.605709,1.554163,1.523387,1.464495,1.518234,1.523767,1.577435,1.545755,1.444794,1.449806,1.381698,1.285608,1.150612,1.124817,1.080858,1.211395,1.216653,1.172295,1.146001,1.13693,1.122409,1.113044,1.068183,1.028117,0.986422
BDI,Burundi,CO2eq/GDP,1.013515,0.824351,0.825309,0.929706,0.854383,0.891122,0.90165,0.811987,0.701183,0.731434,0.660315,0.660473,0.605812,0.619582,0.603561,0.607909,0.581629,0.578767,0.568642,0.546739,0.513652,0.510392,0.519378,0.564531,0.585949,0.631334,0.686232,0.720961,0.686642,0.631411,0.63231,0.733256,0.728667,0.768587,0.794151,0.812181,0.804044,0.798486,0.795234,0.793839,0.814012,0.820392,0.81804
CPV,Cape Verde,CO2eq/GDP,0.474945,0.41643,0.413819,0.410244,0.401489,0.402648,0.573941,0.581872,0.656572,0.692742,0.668454,0.648475,0.407165,0.378694,0.376873,0.378364,0.299239,0.34081,0.363917,0.35359,0.340001,0.355662,0.356061,0.32927,0.258832,0.25441,0.207532,0.203051,0.189375,0.176499,0.16948,0.163319,0.157566,0.154885,0.149916,0.1488,0.142631,0.132163,0.131277,0.135774,0.13849,0.135765,0.136489
KHM,Cambodia,CO2eq/GDP,2.805713,2.128578,1.586141,1.393353,1.420279,1.770518,1.762948,1.722166,1.953236,1.619314,2.817959,2.817393,3.402034,3.490969,2.594584,3.148672,3.160308,2.943684,2.899129,2.643822,2.53417,2.435878,2.285157,1.88217,1.572997,1.828082,1.722917,1.67558,1.613852,1.483081,1.33065,1.249909,1.203726,1.195914,1.038769,1.004099,0.944808,0.884215,0.852261,0.905825,0.866484,0.846786,0.78319
CMR,Cameroon,CO2eq/GDP,0.714961,0.715759,0.662715,0.612534,0.606958,0.618301,0.572368,0.655529,0.620121,0.523153,0.558052,0.524148,0.437969,0.795378,0.759883,0.701877,0.82245,0.704689,0.443926,0.679077,0.711065,0.731441,0.756768,0.875672,1.735413,1.598029,1.390593,1.257462,1.164235,1.089403,1.009453,0.936364,0.860868,0.826126,0.819352,0.81663,0.79703,0.792326,0.762968,0.762726,0.67955,0.657059,0.62979
CAN,Canada,CO2eq/GDP,1.123099,1.112764,1.098303,1.08517,1.017557,0.956845,0.96878,0.940076,0.919413,0.91633,0.891134,0.83979,0.77855,0.802817,0.830461,0.79386,0.733025,0.735159,0.750333,0.735332,0.690005,0.700058,0.716751,0.700707,0.697168,0.685646,0.698912,0.684993,0.650753,0.632593,0.622868,0.597186,0.585367,0.591763,0.569786,0.549894,0.525628,0.532746,0.520964,0.5111,0.50506,0.494793,0.494016
CYM,Cayman Islands,CO2eq/GDP,0.189925,0.186109,0.232234,0.220931,0.201056,0.222101,0.164657,0.17359,0.140321,0.131368,0.133107,0.15551,0.13096,0.126224,0.110635,0.195947,0.158209,0.139816,0.239948,0.231991,0.19932,0.195702,0.21211,0.201748,0.301762,0.247072,0.193297,0.221054,0.196545,0.2079,0.19576,0.191315,0.244282,0.172304,0.353419,0.27253,0.232478,0.758082,0.257763,0.342988,0.189327,0.387463,0.789921
CAF,Central African Republic,CO2eq/GDP,0.881024,0.881827,0.963356,1.052041,0.989046,1.118927,1.143525,1.242326,1.271996,1.525044,1.656142,1.760022,1.646003,1.875364,1.955927,1.844062,1.846121,1.764793,1.798836,1.831205,1.731417,1.889842,2.07233,2.103291,2.090169,2.017848,2.15886,2.145075,2.102698,2.071641,2.196226,2.162683,2.138288,2.326848,2.266927,2.31874,2.304728,2.343199,2.296566,2.314318,2.305888,2.401052,2.360804
TCD,Chad,CO2eq/GDP,1.263427,1.169555,1.201633,1.193534,1.060719,0.998909,0.9867,1.144913,1.21139,1.173642,1.963806,2.125743,2.42987,2.297775,1.675725,1.611297,1.57183,1.566143,1.573028,1.528651,1.537328,1.455295,1.373917,1.645132,1.539839,1.563983,1.556682,1.620914,1.54443,1.584956,1.62485,1.507516,1.433166,1.328022,1.05243,0.930529,0.941045,0.974648,0.974734,0.948187,0.860382,0.878443,0.824424
CHL,Chile,CO2eq/GDP,0.778387,0.936916,0.920222,0.945243,0.874489,0.897994,1.163039,0.934043,0.857006,0.829674,0.716913,0.550314,0.453923,0.516994,0.549703,0.488654,0.470098,0.449975,0.468785,0.493573,0.455139,0.404921,0.377754,0.366986,0.377011,0.366682,0.375684,0.387195,0.377143,0.396089,0.36271,0.342948,0.335549,0.329312,0.333451,0.319889,0.312191,0.329494,0.33078,0.321209,0.312416,0.317898,0.298102
CHN,China,CO2eq/GDP,5.019012,4.572874,4.428629,4.544377,4.286705,4.60161,4.478285,4.853795,5.059154,4.538451,4.277455,3.92038,3.828509,3.645385,3.496893,3.029915,2.780179,2.687688,2.530821,2.333808,2.28157,2.149202,1.929559,1.822567,1.678228,1.63792,1.516381,1.377988,1.294482,1.192341,1.154771,1.094321,1.062178,1.084547,1.118159,1.121202,1.085029,1.01527,0.946071,0.904778,0.863651,0.855017,0.813274
COL,Colombia,CO2eq/GDP,1.029331,0.988349,0.907529,0.840345,0.796245,0.745015,0.733588,0.704898,0.689972,0.637106,0.605329,0.590564,0.587065,0.589098,0.576007,0.564998,0.55355,0.53714,0.512688,0.501478,0.503514,0.496847,0.48566,0.495217,0.461921,0.454578,0.441082,0.451327,0.454432,0.433625,0.42659,0.418965,0.4053,0.391118,0.373144,0.36485,0.342182,0.328402,0.319687,0.325295,0.316464,0.302336,0.281217
COM,Comoros,CO2eq/GDP,0.710638,0.624422,0.62023,0.610609,0.583964,0.579782,0.56917,0.584194,0.574286,0.577106,0.524629,0.489339,0.454941,0.430984,0.423049,0.395046,0.390381,0.390514,0.403455,0.402336,0.42043,0.452722,0.421579,0.412994,0.445735,0.442781,0.457019,0.455546,0.454439,0.462299,0.412672,0.430232,0.423413,0.398887,0.422026,0.42189,0.430182,0.448568,0.471816,0.468333,0.477071,0.481976,0.476389
COD,Democratic Republic of the Congo,CO2eq/GDP,0.321703,0.321826,0.328354,0.347092,0.324498,0.312826,0.389363,0.438983,0.418533,0.447928,0.391461,0.395698,0.379968,0.413317,0.41416,0.402278,0.403307,0.401904,0.407787,0.412805,0.424616,0.452575,0.516405,0.605376,0.804064,0.775135,0.801083,0.854388,0.85204,0.854175,0.944081,0.983194,0.976946,0.978899,0.893776,0.869749,0.845409,0.828932,0.797995,0.786192,0.751257,0.73703,0.701124
COG,Congo,CO2eq/GDP,2.161517,2.392047,2.096996,10.77454,13.62524,7.128168,7.339427,2.073563,1.141743,0.99407,1.175029,1.188236,1.355292,1.381133,1.371098,1.34687,1.330886,1.310064,1.287107,1.064599,0.877244,0.858357,0.838708,0.852599,0.854324,0.940554,1.082471,1.089502,1.162576,1.139498,1.044234,0.960518,0.634855,0.733488,0.724486,0.807807,0.835649,0.739748,0.704299,0.715342,0.695137,0.593052,0.563234
CRI,Costa Rica,CO2eq/GDP,0.560311,0.51894,0.523089,0.544329,0.509353,0.514615,0.506302,0.517437,0.48719,0.474571,0.44088,0.443019,0.434932,0.484683,0.483443,0.441585,0.442702,0.428103,0.412021,0.413329,0.399139,0.401224,0.413481,0.384574,0.380572,0.349629,0.339511,0.322527,0.312197,0.279539,0.266079,0.266142,0.256845,0.252445,0.246513,0.241955,0.227432,0.228333,0.225692,0.225819,0.216028,0.213508,0.204124
CIV,Cote d'Ivoire,CO2eq/GDP,0.374762,0.342644,0.343481,0.337877,0.329415,0.326533,0.340031,0.309686,0.315281,0.283335,0.274426,0.253759,0.246557,0.267187,0.267286,0.268721,0.268528,0.257023,0.264692,0.264074,0.256507,0.265842,0.272376,0.280076,0.29104,0.293984,0.303066,0.32164,0.301873,0.335694,0.337905,0.343181,0.376467,0.333504,0.353229,0.361077,0.362495,0.356207,0.364839,0.345357,0.346726,0.376356,0.360098
HRV,Croatia,CO2eq/GDP,0.293286,0.280566,0.276345,0.282708,0.25621,0.256876,0.241882,0.22724,0.214691,0.218127,0.194697,0.186583,0.192556,0.20106,0.193514,0.200088,0.203224,0.197177,0.216262,0.215622,0.317182,0.265628,0.346592,0.502552,0.472999,0.398872,0.374324,0.381849,0.382144,0.391148,0.373336,0.37602,0.372665,0.373152,0.364794,0.352182,0.345725,0.348888,0.327744,0.327825,0.326025,0.3249,0.32729
CUB,Cuba,CO2eq/GDP,0.692202,0.635728,0.593588,0.607285,0.628053,0.582131,0.572336,0.552665,0.545975,0.550945,0.581055,0.491402,0.445785,0.439265,0.42653,0.401102,0.406373,0.425155,0.422892,0.435675,0.416864,0.394838,0.392721,0.419785,0.437897,0.435354,0.430278,0.447879,0.435891,0.413094,0.393208,0.369266,0.35394,0.334042,0.308813,0.277144,0.252702,0.241248,0.22573,0.260228,0.239047,0.227769,0.222916
CYP,Cyprus,CO2eq/GDP,0.608793,0.599157,0.634179,0.630771,0.519999,0.670022,0.977821,0.810672,0.663727,0.630163,0.571402,0.526692,0.519282,0.488829,0.474625,0.432827,0.44802,0.487248,0.461836,0.446539,0.428225,0.469398,0.450737,0.461994,0.452252,0.422001,0.433871,0.42895,0.43425,0.42732,0.420594,0.401892,0.400694,0.424985,0.403966,0.394999,0.379319,0.374741,0.367397,0.368479,0.354969,0.342208,0.338523
CZE,Czechia,CO2eq/GDP,1.576535,1.526456,1.473879,1.414417,1.260211,1.270393,1.281309,1.298058,1.243875,1.294012,1.216312,1.229101,1.212711,1.20495,1.193603,1.174007,1.13946,1.13878,1.089906,1.001861,0.964925,0.987694,0.92072,0.895647,0.825345,0.779794,0.757738,0.749662,0.718934,0.671893,0.702635,0.67908,0.643124,0.633685,0.612943,0.562633,0.532847,0.507984,0.476129,0.490558,0.475102,0.45991,0.456594
DNK,Denmark,CO2eq/GDP,0.722444,0.673358,0.671305,0.642767,0.573875,0.596794,0.641526,0.629789,0.615527,0.622754,0.603775,0.519613,0.544742,0.512152,0.491456,0.520593,0.507932,0.469961,0.442695,0.413154,0.411835,0.468273,0.425059,0.439268,0.436783,0.406597,0.462944,0.399627,0.370806,0.345042,0.314118,0.318771,0.313611,0.337085,0.302166,0.28002,0.299892,0.278692,0.26708,0.27096,0.266249,0.241334,0.236285
DJI,Djibouti,CO2eq/GDP,0.303306,0.291027,0.312925,0.295527,0.328064,0.315716,0.482868,0.542041,0.542835,0.724018,0.700032,0.663017,0.572275,0.511256,0.469382,0.521664,0.537964,0.631714,0.626634,0.964043,0.867182,1.010904,0.910091,0.970953,0.783372,0.861537,0.918512,0.968395,0.996282,0.99342,1.084768,1.146297,1.103934,1.110241,1.101375,1.108771,1.105418,1.110237,1.092512,1.054009,1.058182,1.041528,0.99668
DMA,Dominica,CO2eq/GDP,0.293529,0.287695,0.292395,0.293496,0.267656,0.304363,0.293988,0.305043,0.301456,0.247332,0.332981,0.322275,0.293975,0.276752,0.279899,0.276442,0.290808,0.319104,0.313485,0.322156,0.321094,0.319779,0.312342,0.310594,0.324037,0.311353,0.306745,0.308392,0.321298,0.331995,0.338662,0.351761,0.336139,0.315946,0.319612,0.315246,0.316394,0.305097,0.282002,0.291697,0.301288,0.311734,0.318345
DOM,Dominican Republic,CO2eq/GDP,0.721791,0.670182,0.698268,0.592105,0.58301,0.61074,0.6114,0.560501,0.555033,0.582676,0.57225,0.510085,0.494183,0.534053,0.523034,0.484198,0.520135,0.548814,0.49867,0.517085,0.45737,0.473557,0.463904,0.427845,0.45561,0.446672,0.438684,0.438386,0.441733,0.425587,0.405269,0.401202,0.404175,0.401014,0.40342,0.365438,0.353354,0.334489,0.335134,0.321288,0.302788,0.309824,0.309061
ECU,Ecuador,CO2eq/GDP,0.713182,0.547415,0.537548,0.634276,0.56137,0.509224,0.533426,0.527123,0.505077,0.528724,0.503042,0.498782,0.479759,0.458897,0.509457,0.534305,0.556381,0.455763,0.605597,0.585555,0.593322,0.55233,0.549872,0.562147,0.542773,0.549257,0.570266,0.538402,0.487515,0.473736,0.452435,0.458257,0.460615,0.465462,0.446084,0.45031,0.452542,0.456162,0.431357,0.466135,0.472313,0.44576,0.426854
EGY,Egypt,CO2eq/GDP,0.504014,0.425463,0.425049,0.389408,0.453796,0.453711,0.456018,0.423883,0.397577,0.377138,0.372694,0.390896,0.406055,0.412915,0.413395,0.402042,0.395639,0.406641,0.402293,0.411134,0.414517,0.423509,0.424249,0.423146,0.397056,0.399897,0.400142,0.3899,0.379753,0.376469,0.352061,0.368845,0.369805,0.371108,0.383225,0.405899,0.398189,0.391755,0.377293,0.366623,0.354977,0.365234,0.363887
SLV,El Salvador,CO2eq/GDP,0.30237,0.294858,0.304926,0.290888,0.279494,0.282331,0.279182,0.28473,0.289563,0.261069,0.231029,0.248778,0.241931,0.264187,0.255668,0.272389,0.267171,0.292799,0.28951,0.284598,0.293649,0.317579,0.314161,0.301028,0.306708,0.293249,0.286189,0.306829,0.292629,0.284241,0.273163,0.286741,0.283527,0.283943,0.28076,0.278254,0.281775,0.27909,0.260305,0.264444,0.250662,0.240226,0.246246
GNQ,Equatorial Guinea,CO2eq/GDP,0.618781,0.600842,0.56912,0.551868,0.497278,0.49041,0.452147,0.449278,0.424196,0.533212,0.551073,0.542442,0.543677,0.552794,0.533261,0.558995,0.516651,0.590652,0.515925,0.549195,0.508082,0.567351,0.440065,0.416339,8.260863,7.044082,4.266141,2.182618,1.996524,1.598575,1.279893,0.967426,0.652338,0.636477,0.522815,0.455926,0.414094,0.38346,0.337672,0.316393,0.341188,0.329861,0.200431
ERI,Eritrea,CO2eq/GDP,0,0,0,0,0,0,0,0,0,0,0,0,0,0,0,0,0,0,0,0,0.92802,0.916793,1.132272,1.055488,0.891697,0.894869,0.906803,0.910256,0.863115,0.8851,0.931541,0.842666,0.808208,0.849249,0.848521,0.826915,0.824543,0.831115,0.916802,0.894091,0.891457,0.840234,0.797146
EST,Estonia,CO2eq/GDP,4.174369,4.009315,3.967355,3.719811,3.556845,3.580068,3.321921,3.272567,3.095644,3.052163,2.956135,2.912512,2.805092,2.670131,2.576368,2.546234,2.49105,2.462577,2.459566,2.332522,1.876459,1.856023,1.750584,1.451765,1.46763,1.283798,1.27276,1.117879,1.042384,0.985683,0.880429,0.851393,0.773915,0.79421,0.764618,0.708522,0.58914,0.674158,0.672465,0.661771,0.750949,0.750221,0.716724
ETH,Ethiopia,CO2eq/GDP,2.678881,2.693752,2.588294,2.27312,2.258085,2.265853,1.945431,1.932301,1.94779,1.808755,1.886858,1.831253,1.837267,1.875251,1.697758,1.821208,2.186674,1.912358,1.704651,1.78732,1.85964,2.02387,2.22734,2.000522,1.98088,1.897471,1.775498,1.782282,1.973573,1.872827,1.721355,1.708154,1.853586,1.875776,1.772993,1.646278,1.589067,1.552503,1.472187,1.408055,1.310293,1.18686,1.139421
FJI,Fiji,CO2eq/GDP,0.512432,0.467296,0.423294,0.410228,0.39437,0.384301,0.384251,0.45101,0.514327,0.512053,0.426346,0.464788,0.415562,0.421711,0.42423,0.386769,0.405783,0.38885,0.420029,0.427513,0.386375,0.38557,0.351687,0.363749,0.363959,0.375605,0.368932,0.349085,0.341808,0.312105,0.307913,0.31179,0.317195,0.329142,0.329396,0.330972,0.336038,0.342749,0.354707,0.357233,0.366241,0.389622,0.390173
FIN,Finland,CO2eq/GDP,0.891628,0.819646,0.860121,0.867265,0.772547,0.7281,0.813304,0.806211,0.860954,0.832661,0.780412,0.649083,0.619041,0.593266,0.582956,0.600619,0.582783,0.606318,0.573993,0.54953,0.541077,0.575015,0.567267,0.584124,0.626919,0.580958,0.602302,0.556772,0.501921,0.474711,0.445302,0.464709,0.470337,0.506072,0.469995,0.391675,0.440882,0.408484,0.365886,0.379677,0.41731,0.371118,0.37064
FRA_MCO,France and Monaco,CO2eq/GDP,0.716813,0.684142,0.664811,0.669349,0.610005,0.545886,0.585148,0.544257,0.536208,0.519978,0.483496,0.437753,0.417239,0.396723,0.385544,0.371155,0.357163,0.341536,0.330988,0.324694,0.304471,0.315826,0.302762,0.292389,0.282963,0.282359,0.287791,0.276545,0.274046,0.260113,0.246868,0.244729,0.238908,0.238919,0.231602,0.229417,0.219039,0.210915,0.209468,0.206896,0.207303,0.190206,0.189327
PYF,French Polynesia,CO2eq/GDP,0.104116,0.097619,0.107862,0.115765,0.104299,0.113569,0.110009,0.147148,0.145312,0.139467,0.136018,0.179789,0.193283,0.230328,0.268901,0.241499,0.260449,0.262113,0.241892,0.215241,0.20024,0.184672,0.173612,0.178539,0.133956,0.154215,0.161345,0.161816,0.168429,0.163763,0.16387,0.165772,0.162248,0.180107,0.18574,0.184083,0.167883,0.160937,0.160407,0.158976,0.169151,0.175599,0.175107
GAB,Gabon,CO2eq/GDP,0.273322,0.573836,0.614319,2.308692,2.086714,1.960713,1.966166,1.568667,1.74341,1.704114,1.608063,1.621989,1.650386,1.403447,1.73267,1.893939,1.243855,1.092437,1.30603,1.754016,1.552603,1.111053,1.154179,1.116152,1.026111,1.03867,1.054584,0.880237,0.915426,0.894518,0.845497,0.847187,0.819711,0.923463,0.814843,0.747996,0.675257,0.560671,0.619108,0.60746,0.568236,0.478406,0.442209
GMB,Gambia,CO2eq/GDP,0.922055,0.819381,0.801675,0.782874,0.778497,0.742188,0.725899,0.746042,0.761876,0.708091,0.753058,0.784589,0.866958,0.680401,0.58431,0.67428,0.679123,0.69489,0.68817,0.677403,0.627712,0.640178,0.619255,0.603112,0.62049,0.628029,0.617538,0.601989,0.593895,0.566405,0.553524,0.521213,0.542279,0.567339,0.565071,0.587933,0.596032,0.592694,0.603449,0.627339,0.616398,0.576015,0.558919
GEO,Georgia,CO2eq/GDP,1.753812,1.677197,1.686551,1.635876,1.621436,1.652747,1.575315,1.521441,1.498524,1.491771,1.505329,1.490189,1.435892,1.379643,1.357469,1.334041,1.273147,1.273511,1.243433,1.173328,1.079329,1.093718,1.633626,1.904127,1.504484,1.231006,0.98714,0.843066,0.761811,0.718699,0.740353,0.591426,0.546323,0.515619,0.507872,0.493536,0.475647,0.449105,0.404914,0.45175,0.407008,0.417696,0.399057
DEU,Germany,CO2eq/GDP,0.916767,0.874985,0.858673,0.851371,0.788947,0.740881,0.775513,0.722419,0.718357,0.72198,0.665344,0.636421,0.614371,0.621881,0.62253,0.605879,0.590777,0.57049,0.556064,0.531839,0.49225,0.456871,0.426029,0.423695,0.409338,0.399128,0.404966,0.383312,0.365993,0.345924,0.333769,0.331504,0.325326,0.323645,0.321319,0.307266,0.299632,0.281721,0.281451,0.277644,0.27912,0.26326,0.264711
GHA,Ghana,CO2eq/GDP,0.362343,0.339893,0.346469,0.391339,0.37884,0.351741,0.400244,0.459046,0.418437,0.395542,0.41319,0.452609,0.404779,0.377454,0.422953,0.416729,0.409927,0.41191,0.398472,0.389641,0.367873,0.360241,0.366,0.358387,0.361068,0.361821,0.365778,0.364823,0.398295,0.39993,0.374441,0.375547,0.388839,0.356944,0.34692,0.34112,0.351872,0.34627,0.310907,0.328623,0.3363,0.328321,0.30768
GRC,Greece,CO2eq/GDP,0.391938,0.369467,0.394658,0.382211,0.35726,0.396516,0.406992,0.394939,0.406037,0.396101,0.388868,0.385456,0.401471,0.426952,0.440456,0.451581,0.438679,0.46273,0.498103,0.502552,0.493654,0.478992,0.485749,0.490823,0.490355,0.494883,0.48358,0.467873,0.464947,0.45238,0.462274,0.448359,0.431738,0.421127,0.401296,0.405527,0.380769,0.376955,0.367159,0.365795,0.365149,0.394238,0.411897
GRL,Greenland,CO2eq/GDP,0.326717,0.297863,0.285593,0.266602,0.256023,0.259107,0.247774,0.229105,0.22103,0.213589,0.20064,0.203736,0.216104,0.212561,0.226819,0.22161,0.210529,0.202089,0.19459,0.184634,0.211819,0.214314,0.229451,0.243971,0.233674,0.227541,0.227292,0.226087,0.212728,0.21185,0.199434,0.199676,0.203253,0.206806,0.203274,0.201905,0.194989,0.1872,0.188103,0.198882,0.142855,0.141248,0.145593
GRD,Grenada,CO2eq/GDP,0.29202,0.282925,0.291455,0.278501,0.242964,0.291887,0.242971,0.238064,0.260904,0.227756,0.247387,0.234908,0.236037,0.229942,0.236537,0.216566,0.222106,0.239786,0.217234,0.218532,0.255301,0.251304,0.251031,0.263675,0.29086,0.275137,0.28709,0.304894,0.284801,0.2711,0.497464,0.476208,0.46491,0.419017,0.41481,0.379924,0.413525,0.399504,0.372483,0.417909,0.491163,0.456817,0.463958
GTM,Guatemala,CO2eq/GDP,0.307322,0.296622,0.305301,0.291213,0.271286,0.271427,0.254185,0.263984,0.258732,0.263044,0.25924,0.240582,0.229695,0.233283,0.247856,0.253664,0.246191,0.255414,0.249102,0.248789,0.246124,0.247646,0.257833,0.264579,0.260264,0.266699,0.25637,0.256671,0.270324,0.268513,0.27443,0.275359,0.274553,0.266349,0.268901,0.266136,0.262027,0.257796,0.242448,0.252489,0.251452,0.243751,0.240707
GIN,Guinea,CO2eq/GDP,1.554326,1.598334,1.531039,1.56636,1.559711,1.501251,1.478918,1.373246,1.352753,1.291456,1.423489,1.402156,1.402225,1.386598,1.363079,1.273048,1.104713,1.126021,1.082884,1.047733,1.026553,0.996102,0.931196,0.919558,0.925168,0.989038,0.982898,0.915654,0.904826,0.960098,0.9487,0.953957,0.935657,0.96414,0.984754,1.019952,1.035518,1.06148,1.060423,1.087912,1.119214,1.08607,1.105899
GNB,Guinea-Bissau,CO2eq/GDP,0.724083,0.679875,0.737217,0.719568,0.79636,0.880287,0.817251,0.734505,0.85453,0.753266,0.775508,0.901007,1.089968,0.97539,0.954207,0.787778,0.746121,0.77241,0.78096,0.805459,0.800182,0.781106,0.787408,0.783389,0.765279,0.756706,0.68191,0.650254,0.909424,0.933856,0.925402,0.907316,0.918681,0.908839,0.917215,0.905183,0.916024,0.931753,0.963538,0.969238,0.983458,0.926922,0.957641
GUY,Guyana,CO2eq/GDP,1.89384,1.806183,1.903634,1.96198,1.843346,1.899109,1.640669,1.857018,1.798506,1.625848,1.684059,1.73731,1.626388,1.658561,2.073104,1.889949,2.001276,2.060986,1.915356,1.894777,1.898497,1.968456,1.896024,1.809618,1.660426,1.6455,1.540853,1.526873,1.56835,1.615953,1.564969,1.585194,1.53739,1.576009,1.514615,1.476691,1.377627,1.322593,1.296957,1.288837,1.299131,1.236492,1.183827
HTI,Haiti,CO2eq/GDP,0.484819,0.493973,0.497278,0.493182,0.465557,0.478824,0.461823,0.471377,0.468469,0.444487,0.420228,0.395436,0.420917,0.438587,0.443883,0.441431,0.413279,0.418484,0.422234,0.427145,0.426343,0.451131,0.48197,0.498124,0.528563,0.542228,0.547113,0.559866,0.55798,0.553504,0.568202,0.593215,0.613165,0.608915,0.655698,0.792063,0.790158,0.786179,0.8023,0.794033,0.836232,0.825899,0.808258
HND,Honduras,CO2eq/GDP,0.793848,0.780433,0.778218,0.753954,0.719631,0.764859,0.754613,0.69066,0.620219,0.590695,0.59269,0.588757,0.573425,0.665386,0.701422,0.648256,0.617748,0.630985,0.603427,0.58812,0.553552,0.545361,0.535574,0.496476,0.54087,0.565204,0.553848,0.545204,0.559451,0.549287,0.545677,0.575591,0.581119,0.621554,0.627492,0.6104,0.549721,0.578951,0.551093,0.559727,0.539902,0.52558,0.514404
HKG,Hong Kong,CO2eq/GDP,0.324736,0.299443,0.28801,0.26554,0.268326,0.264523,0.300912,0.300403,0.28666,0.243137,0.226921,0.221795,0.216771,0.23991,0.247047,0.233937,0.263081,0.257651,0.25176,0.241868,0.242781,0.24851,0.259679,0.258565,0.210292,0.206043,0.190877,0.170574,0.224042,0.232829,0.197638,0.201694,0.19257,0.198251,0.174834,0.163885,0.151425,0.151726,0.145443,0.159445,0.133189,0.141374,0.139036
HUN,Hungary,CO2eq/GDP,1.287183,1.236788,1.180879,1.226435,1.213368,1.17204,1.169317,1.114623,1.070302,0.942896,0.866648,0.85974,0.839985,0.789509,0.795349,0.76025,0.74433,0.741541,0.678258,0.661168,0.584053,0.565673,0.51678,0.522915,0.507167,0.489042,0.504238,0.478638,0.455862,0.443779,0.410014,0.40453,0.402982,0.392664,0.36822,0.345349,0.329027,0.320047,0.311263,0.301957,0.302031,0.287276,0.28842
ISL,Iceland,CO2eq/GDP,0.973046,0.945225,0.853925,0.972898,0.858139,0.76468,0.76658,0.785195,0.715526,0.700693,0.623501,0.576743,0.487615,0.484646,0.534707,0.497355,0.482289,0.457549,0.43768,0.438074,0.436673,0.429433,0.444144,0.453918,0.454313,0.442723,0.460096,0.427628,0.411936,0.40078,0.394002,0.391622,0.404039,0.390298,0.369855,0.345266,0.343213,0.328304,0.349366,0.367692,0.369256,0.353262,0.352108
IND,India,CO2eq/GDP,0.998938,0.992177,0.97373,0.960867,0.928884,0.973867,0.911228,0.940705,0.932971,0.974201,1.068637,1.068789,1.039058,1.050277,1.025496,1.014497,1.015491,0.998136,1.014242,0.964974,0.923116,0.950642,0.930403,0.910832,0.885515,0.859064,0.825559,0.818278,0.780407,0.745913,0.724723,0.702146,0.687487,0.652783,0.628045,0.594812,0.575496,0.556239,0.560776,0.561273,0.533391,0.522325,0.518447
IDN,Indonesia,CO2eq/GDP,1.090351,1.042024,1.028782,0.962666,0.897218,0.815861,0.81796,0.943226,0.963488,0.915628,0.769376,0.71134,0.636255,0.617883,0.606408,0.577695,0.581086,0.547778,0.54474,0.520885,0.527113,0.512389,0.501388,0.488114,0.453342,0.438459,0.425419,0.421582,0.482787,0.487882,0.463945,0.466725,0.456854,0.459544,0.445251,0.42657,0.423564,0.414019,0.394011,0.393822,0.381602,0.368728,0.35753
IRN,Iran,CO2eq/GDP,0.489827,0.465248,0.456874,0.471746,0.443959,0.402081,0.491269,0.441952,0.479431,0.416512,0.357021,0.431991,0.626847,0.524772,0.393491,0.430947,0.40498,0.461965,0.457179,0.538788,0.653779,0.621319,0.627033,0.611835,0.701389,0.677821,0.65587,0.660065,0.624029,0.646342,0.639348,0.638738,0.611281,0.60596,0.625825,0.637144,0.641074,0.620343,0.618103,0.622145,0.590438,0.577176,0.623652
IRQ,Iraq,CO2eq/GDP,1.223235,1.427684,1.277994,1.25888,1.088321,0.983053,1.057885,0.789636,1.04689,1.134322,0.753971,0.371368,0.417125,0.448021,0.58289,0.706877,0.807161,0.691072,0.600759,0.621965,0.631331,1.428206,1.286004,1.174697,1.180547,1.149703,0.953642,0.959685,0.599397,0.460046,0.486772,0.495526,0.53496,0.735716,0.509356,0.485644,0.396099,0.40517,0.414657,0.466267,0.487721,0.480307,0.42865
IRL,Ireland,CO2eq/GDP,1.115015,1.185046,1.142755,1.073313,1.081708,1.02162,0.982972,0.991042,0.904643,0.906427,0.843188,0.806285,0.787008,0.776838,0.788275,0.789258,0.792495,0.808286,0.767968,0.771447,0.75931,0.753197,0.729464,0.722941,0.700886,0.646753,0.603886,0.549399,0.526265,0.490838,0.462706,0.452099,0.421233,0.401964,0.392222,0.37483,0.360264,0.331018,0.336196,0.330269,0.324835,0.293391,0.292662
ISR_PSE,"Israel and Palestine, State of",CO2eq/GDP,0.50789,0.455195,0.429135,0.412375,0.392117,0.392272,0.373063,0.387412,0.40812,0.39769,0.379118,0.380357,0.379392,0.387113,0.391155,0.404937,0.418984,0.43962,0.430962,0.431523,0.441746,0.417211,0.421664,0.434944,0.434777,0.43328,0.433588,0.429341,0.417125,0.411642,0.405352,0.404739,0.425178,0.431816,0.413206,0.384342,0.382034,0.372763,0.363729,0.354692,0.352602,0.33521,0.328804
ITA_SMR_VAT,Italy,CO2eq/GDP,0.550535,0.504514,0.512402,0.516146,0.476833,0.42674,0.46031,0.409834,0.397503,0.3891,0.357403,0.336495,0.327102,0.320261,0.322546,0.312669,0.304945,0.310305,0.304043,0.302718,0.294633,0.289435,0.284127,0.282332,0.273012,0.27944,0.273555,0.270606,0.272048,0.271456,0.264277,0.257857,0.26118,0.268126,0.268221,0.26579,0.255048,0.247751,0.242303,0.230956,0.231422,0.224415,0.222712
JAM,Jamaica,CO2eq/GDP,0.516579,0.453709,0.476683,0.538769,0.518674,0.513898,0.445439,0.514931,0.555839,0.56851,0.585189,0.606742,0.514391,0.50784,0.477219,0.430592,0.424792,0.417177,0.400447,0.502562,0.542084,0.520309,0.557069,0.519392,0.514933,0.520473,0.53728,0.553026,0.590686,0.600798,0.609049,0.604808,0.589106,0.585108,0.578426,0.572132,0.61759,0.603099,0.589878,0.459862,0.444734,0.458512,0.458923
JPN,Japan,CO2eq/GDP,0.790792,0.70945,0.699494,0.714344,0.658918,0.625551,0.616441,0.593647,0.547944,0.522982,0.475305,0.452325,0.417653,0.404768,0.418711,0.391242,0.366418,0.357103,0.365716,0.350067,0.347677,0.338638,0.335887,0.332426,0.345482,0.343367,0.336499,0.328128,0.32349,0.332074,0.329273,0.324983,0.333291,0.327481,0.319741,0.317729,0.309898,0.309757,0.292351,0.292473,0.292945,0.302827,0.306533
JOR,Jordan,CO2eq/GDP,0.226307,0.261877,0.295899,0.302023,0.325176,0.345377,0.419196,0.374789,0.42594,0.355042,0.36634,0.388477,0.36711,0.378309,0.429663,0.433993,0.472972,0.485994,0.455196,0.459295,0.550327,0.554736,0.546168,0.543587,0.537884,0.532963,0.537112,0.533605,0.528771,0.509958,0.507557,0.483608,0.486393,0.464031,0.472412,0.465971,0.440079,0.424014,0.39494,0.379562,0.365149,0.367207,0.374612
KAZ,Kazakhstan,CO2eq/GDP,1.948253,1.875338,1.90648,1.885241,1.894376,1.898677,1.871106,1.795452,2.069053,2.014518,2.043323,1.874832,1.772883,1.773349,1.738581,1.666663,1.583555,1.646421,1.72703,1.615712,1.588484,1.814628,1.9434,1.88232,1.900863,1.817227,1.599016,1.375214,1.375551,1.254742,1.145344,0.985712,0.963232,0.966404,0.961166,0.924831,0.929775,0.898085,1.000264,0.903656,0.90156,0.893673,0.931852
KEN,Kenya,CO2eq/GDP,1.037125,1.137273,1.082062,1.001388,0.984749,0.895715,0.908879,0.920251,0.869994,0.856055,0.817099,0.774503,0.784951,0.798533,0.822715,0.813277,0.810299,0.766476,0.759427,0.744541,0.721267,0.698829,0.714451,0.719936,0.713072,0.695918,0.656103,0.651575,0.646014,0.673314,0.663932,0.64133,0.647275,0.637304,0.648363,0.624925,0.586233,0.71881,0.743835,0.722142,0.687658,0.661859,0.646232
KIR,Kiribati,CO2eq/GDP,0.089816,0.100549,0.091075,0.0789,0.05794,0.057976,0.080829,0.097975,0.135971,0.145175,0.253563,0.571809,0.361566,0.387989,0.369767,0.376804,0.325321,0.367679,0.436446,0.374136,0.390759,0.450001,0.418949,0.408005,0.384533,0.408381,0.416239,0.373906,0.351592,0.350114,0.369592,0.375453,0.35988,0.355913,0.354267,0.353898,0.370475,0.330877,0.344461,0.375375,0.406251,0.414879,0.416198
PRK,North Korea,CO2eq/GDP,0,0,0,0,0,0,0,0,0,0,0,0,0,0,0,0,0,0,0,0,928.3999,937.0978,917.2068,890.3718,828.7902,807.8188,761.5567,799.8459,692.0306,749.4173,796.8764,850.8826,820.9278,836.9869,855.5422,891.4047,889.7799,774.2301,858.1247,810.9156,857.412,782.8357,728.6689
KOR,South Korea,CO2eq/GDP,1.449717,1.346003,1.172331,1.203739,1.033316,0.920949,0.862512,0.871348,0.837093,0.843646,0.811732,0.854536,0.795595,0.795101,0.779512,0.739796,0.712609,0.653072,0.640431,0.595124,0.613682,0.603189,0.601411,0.613163,0.602686,0.596444,0.590697,0.587486,0.541328,0.529023,0.548099,0.538096,0.491013,0.48039,0.475786,0.458798,0.444338,0.426306,0.420424,0.42448,0.428637,0.422201,0.409918
KWT,Kuwait,CO2eq/GDP,1.060442,1.094852,1.026239,0.896669,0.730575,0.620586,0.538852,0.47259,0.530087,0.469345,0.453858,0.446674,0.470598,0.497542,0.488224,0.573722,0.536875,0.525214,0.707086,0.658744,0.511427,0.94798,0.548149,0.513058,0.577133,0.515985,0.505401,0.518536,0.497657,0.51655,0.533377,0.540082,0.541412,0.501682,0.470627,0.477154,0.455206,0.422451,0.425153,0.475069,0.48515,0.462793,0.451202
KGZ,Kyrgyzstan,CO2eq/GDP,3.06627,2.967015,2.985464,2.87024,2.843081,2.875876,2.784475,2.719184,2.785761,2.749632,2.825068,2.679488,2.5324,2.384297,2.29222,2.22593,2.133962,2.244065,2.261876,2.204501,2.149697,2.141529,1.840214,1.761502,1.6712,1.371493,1.385777,1.236609,1.256082,1.091434,1.031318,0.903525,1.005545,0.998869,0.926762,0.817246,0.781554,0.803292,0.782127,0.711733,0.788786,0.765555,0.901704
LAO,Laos,CO2eq/GDP,2.713488,2.542108,2.296175,2.282224,2.123408,2.032199,1.638744,1.538516,1.788083,1.827452,2.111621,1.948177,1.668058,1.612549,1.544481,1.455841,1.320353,1.210016,1.215495,1.324552,1.282276,1.183504,1.14623,1.066052,1.083507,0.998342,0.959814,0.947048,0.873783,0.826101,0.789596,0.776821,0.752638,0.717643,0.650128,0.648827,0.621755,0.587941,0.576606,0.575085,0.557959,0.526832,0.5217
LVA,Latvia,CO2eq/GDP,1.461609,1.413522,1.436386,1.384165,1.341326,1.391196,1.304659,1.289808,1.244714,1.255217,1.243419,1.256072,1.226029,1.20411,1.189575,1.182003,1.160528,1.155423,1.144902,1.102144,0.984933,0.990538,1.070224,0.965228,0.822208,0.67878,0.665583,0.576568,0.520841,0.469866,0.414277,0.406837,0.379151,0.35684,0.329079,0.302191,0.283482,0.267071,0.266332,0.290288,0.328469,0.289041,0.28079
LBN,Lebanon,CO2eq/GDP,0.197692,0.186237,0.185064,0.200121,0.186197,0.16785,0.231938,0.485779,0.266078,0.32466,0.27805,0.277812,0.21581,0.359359,0.298865,0.234513,0.19748,0.215975,0.150027,0.211493,0.367787,0.3187,0.32614,0.414358,0.415066,0.446935,0.439404,0.489623,0.472187,0.487161,0.438979,0.453403,0.439724,0.428781,0.404429,0.393092,0.368464,0.308701,0.344746,0.371276,0.331662,0.331087,0.329612
LSO,Lesotho,CO2eq/GDP,2.943904,2.655568,2.750106,2.235371,1.864976,1.77958,1.783166,1.428872,1.309924,1.20001,1.345915,1.380292,1.36155,1.266643,1.216824,1.214405,1.193539,1.30221,1.250851,1.118858,0.910159,0.887536,0.907829,0.86979,0.813354,0.777587,0.710957,0.679854,0.623514,0.824083,0.758328,0.738029,0.686778,0.665651,0.655159,0.678081,0.634673,0.613343,0.576358,0.560758,0.526427,0.51044,0.492281
LBR,Liberia,CO2eq/GDP,0,0,0,0,0,0,0,0,0,0,0,0,0,0,0,0,0,0,0,0,0.827034,0.871457,1.288656,1.821929,2.235414,2.352573,2.221667,1.229551,1.007725,0.897934,0.752301,0.769121,0.753616,1.118728,1.167372,1.167784,1.132115,1.075602,1.048347,1.021314,1.00821,0.962249,0.908986
LBY,Libya,CO2eq/GDP,1.155347,0.891837,0.700341,0.620177,0.387111,0.456345,0.482351,0.460475,0.456458,0.440982,0.451629,0.376557,0.430797,0.385175,0.386485,0.34125,0.635926,0.611162,0.633928,0.578191,0.70273,0.603033,0.662715,0.744756,0.789114,0.948491,0.936292,0.790203,0.733325,0.673878,0.663507,0.653565,0.668384,0.653452,0.624356,0.587137,0.55354,0.497772,0.497493,0.528516,0.538204,0.886292,0.542766
LTU,Lithuania,CO2eq/GDP,1.092222,1.06452,1.071916,1.045104,1.05165,1.078675,1.044509,1.025724,1.009735,1.003315,1.015621,1.0029,0.977085,0.953651,0.954017,0.949722,0.917474,0.912043,0.894589,0.860916,0.819088,0.972686,0.92338,0.773038,0.707388,0.680724,0.670383,0.605672,0.590182,0.52613,0.472252,0.455599,0.437823,0.396649,0.38788,0.374881,0.354704,0.347465,0.335204,0.343758,0.350485,0.343252,0.335793
LUX,Luxembourg,CO2eq/GDP,1.808531,1.676884,1.70397,1.7136,1.436418,1.08513,1.342527,1.197874,1.28505,1.159626,1.047064,0.869596,0.819123,0.762007,0.817275,0.794441,0.733197,0.638153,0.641307,0.632735,0.586481,0.558098,0.53554,0.52168,0.467079,0.374664,0.371181,0.331288,0.288263,0.278005,0.273823,0.283949,0.292829,0.29895,0.321736,0.318951,0.298796,0.262836,0.26305,0.26172,0.261348,0.252354,0.24543
MAC,Macao,CO2eq/GDP,0,0,0,0,0,0,0,0,0,0,0,0,0.067969,0.086975,0.077144,0.0699,0.079781,0.076726,0.074378,0.067973,0.064026,0.060561,0.054142,0.057936,0.047359,0.053308,0.067263,0.073865,0.093341,0.09844,0.093883,0.093005,0.086157,0.080153,0.07672,0.07357,0.061106,0.056279,0.055457,0.056692,0.047904,0.042541,0.039481
MKD,Macedonia,CO2eq/GDP,0.652912,0.597878,0.583272,0.642,0.571847,0.470258,0.47598,0.453843,0.412756,0.436785,0.38741,0.397971,0.358255,0.345257,0.377607,0.393713,0.388439,0.392611,0.419886,0.415773,0.714736,0.680665,0.663738,0.730979,0.730937,0.729339,0.825529,0.743114,0.771968,0.689829,0.642529,0.670452,0.629679,0.659155,0.62262,0.614925,0.588275,0.583617,0.543918,0.505279,0.498051,0.529741,0.513079
MDG,Madagascar,CO2eq/GDP,1.178309,1.062466,1.048511,1.081781,1.130504,1.143223,1.148701,1.193605,1.235756,1.280051,1.250693,1.244001,1.381106,1.414049,1.401198,1.379071,1.366322,1.330517,1.329658,1.290734,1.234616,1.322603,1.326904,1.32067,1.318381,1.309441,1.285008,1.258757,1.211612,1.159515,1.115614,0.982275,1.078341,1.004269,0.991472,1.02948,0.99781,0.959952,0.911837,0.995464,1.022535,1.003168,0.971078
MWI,Malawi,CO2eq/GDP,0.745785,0.748684,0.692533,0.631802,0.669279,0.680516,0.680292,0.65981,0.693329,0.682573,0.700006,0.7249,0.777228,0.757808,0.756597,0.751646,0.746116,0.806882,0.757206,0.757844,0.720306,0.696256,0.754037,0.693083,0.734263,0.654361,0.626246,0.623675,0.614104,0.608346,0.622254,0.650559,0.735269,0.712474,0.706946,0.707388,0.702659,0.664975,0.651771,0.622811,0.619134,0.608734,0.607624
MYS,Malaysia,CO2eq/GDP,0.766889,0.76739,0.650579,0.604688,0.613827,0.585193,0.643674,0.565421,0.524391,0.568496,0.536902,0.492278,0.484627,0.515069,0.51289,0.442132,0.465446,0.460938,0.470755,0.485213,0.482839,0.500813,0.476685,0.491081,0.464375,0.446742,0.447281,0.440539,0.480088,0.476132,0.463115,0.471779,0.476154,0.47169,0.487247,0.489644,0.480633,0.484489,0.488369,0.456046,0.444239,0.435189,0.415792
MDV,Maldives,CO2eq/GDP,0.09885,0.094085,0.093221,0.094747,0.100492,0.113356,0.10589,0.117158,0.174237,0.148789,0.093453,0.115303,0.078044,0.102365,0.124238,0.123127,0.118006,0.110374,0.099908,0.086131,0.077166,0.072539,0.072995,0.079386,0.113847,0.149994,0.143746,0.121935,0.126415,0.134235,0.164952,0.178827,0.209729,0.209676,0.203019,0.232274,0.217926,0.202041,0.193251,0.205484,0.230176,0.229829,0.23379
MLI,Mali,CO2eq/GDP,2.527094,2.42715,2.09157,2.24498,2.021247,2.183703,2.045901,1.882263,1.872144,2.091422,1.969313,1.993564,2.1868,2.218468,1.972148,1.805553,1.796343,1.723327,1.785144,1.831505,1.674771,1.525433,1.580801,1.564015,1.574862,1.608034,1.535492,1.53057,1.449592,1.435483,1.488339,1.396347,1.313789,1.225854,1.372378,1.269139,1.164408,1.150431,1.145029,1.109953,1.017411,0.988167,0.899008
MLT,Malta,CO2eq/GDP,1.47083,1.324992,1.491763,1.30087,1.094271,0.888085,0.806819,0.695547,0.715911,0.605227,0.59605,0.64392,0.647481,0.465512,0.631491,0.566686,0.860105,0.888064,0.886761,0.884931,0.428161,0.38758,0.364586,0.442412,0.378182,0.338637,0.320197,0.32206,0.29584,0.285529,0.237722,0.279725,0.25439,0.283861,0.285004,0.288973,0.272421,0.276057,0.251506,0.248517,0.238764,0.236567,0.225611
MRT,Mauritania,CO2eq/GDP,0.02386,0.020763,0.019045,0.017897,0.015593,0.014941,0.014239,0.013545,0.01382,0.015518,0.01463,0.01584,0.0157,0.015446,0.014946,0.016048,0.015773,0.015685,0.016649,0.016562,1.059658,1.089665,1.186397,1.138162,1.092637,1.007549,0.986911,1.101712,1.119417,1.110059,1.173887,1.203377,1.226783,1.187167,1.164612,1.091217,0.953099,0.906845,0.858187,0.905729,0.898706,0.87907,0.843736
MUS,Mauritius,CO2eq/GDP,0.188315,0.159465,0.168561,0.156018,0.14432,0.141888,0.172408,0.136596,0.127925,0.145607,0.155879,0.176485,0.155103,0.162915,0.161915,0.16605,0.192062,0.213052,0.203283,0.191399,0.181845,0.187626,0.179183,0.165072,0.125295,0.128599,0.126077,0.127662,0.123096,0.126683,0.151535,0.169231,0.152332,0.153386,0.174928,0.180576,0.185209,0.182393,0.185131,0.178212,0.180473,0.17949,0.174604
MEX,Mexico,CO2eq/GDP,0.566253,0.538442,0.527934,0.49792,0.516573,0.509483,0.516043,0.470621,0.512169,0.477023,0.475162,0.470878,0.481702,0.441586,0.443014,0.437401,0.413035,0.440235,0.421004,0.431468,0.411941,0.414814,0.403737,0.389139,0.394272,0.41677,0.410766,0.40411,0.401888,0.386002,0.380532,0.382982,0.38695,0.390344,0.379739,0.382023,0.373284,0.37507,0.37154,0.391018,0.382433,0.373367,0.367563
MDA,Moldova,CO2eq/GDP,1.82627,1.760418,1.791559,1.766393,1.791572,1.855815,1.829063,1.775472,1.764244,1.745151,1.787688,1.735132,1.711785,1.677169,1.668172,1.67053,1.640154,1.666495,1.652603,1.599224,1.589417,1.563047,1.829978,1.600864,1.940602,1.741787,1.612913,1.430067,1.376919,1.233235,1.12917,1.087271,1.03439,1.022702,0.958003,0.939805,0.872538,0.839194,0.753955,0.778322,0.77769,0.741769,0.733731
MNG,Mongolia,CO2eq/GDP,3.00966,2.964397,2.799781,2.681515,2.494507,2.531043,2.426674,2.316701,2.105063,2.154573,3.266717,2.9271,2.791947,2.640289,2.561544,2.671736,2.675703,2.549635,2.55543,2.372631,2.249661,2.732073,2.776676,2.711577,2.446576,2.379902,2.217547,2.163336,2.156005,2.156128,2.196213,1.950452,1.701923,1.53848,1.389307,1.439347,1.483875,1.477747,1.415228,1.558543,1.567138,1.513881,1.374693
MAR,Morocco,CO2eq/GDP,0.504006,0.538269,0.512086,0.526308,0.529191,0.50709,0.502283,0.47104,0.483769,0.478759,0.468019,0.445633,0.439644,0.424256,0.424745,0.429827,0.426377,0.411651,0.432758,0.415398,0.417408,0.39321,0.416482,0.408054,0.397185,0.426891,0.383381,0.410833,0.389246,0.402384,0.406532,0.402461,0.400851,0.375757,0.38351,0.390627,0.366034,0.362148,0.346187,0.332682,0.335177,0.337974,0.331189
MOZ,Mozambique,CO2eq/GDP,2.871722,3.05539,2.752403,2.729087,2.601227,2.384312,2.309795,2.17795,2.134545,2.100366,2.149266,2.032022,1.897088,2.008989,2.332075,2.291332,2.191394,2.224532,1.953223,1.805197,1.633202,1.542846,1.709052,1.652441,1.553099,1.607472,1.302099,1.209783,1.10421,1.038124,1.068291,0.98008,0.936217,0.951511,0.95956,0.907055,0.834504,0.84337,0.821266,0.768859,0.756201,0.74921,0.763151
MMR,Myanmar,CO2eq/GDP,2.956126,2.856288,2.797704,2.870833,2.815077,2.748862,2.596913,2.504749,2.465735,2.261915,2.199689,2.105667,1.948984,1.874711,1.768839,1.778203,1.803068,1.782344,2.04194,1.98028,1.972437,1.996985,1.94969,1.551304,1.662069,1.548142,1.526257,1.507516,1.286379,1.418365,1.481821,1.433287,1.481795,1.367924,1.307769,1.206922,1.117315,1.024029,0.864711,0.789545,0.634851,0.544916,0.477619
NAM,Namibia,CO2eq/GDP,0.250041,0.233402,0.226164,0.225674,0.237161,0.164175,0.159455,0.180164,0.179914,0.185967,0.18677,0.148235,0.13541,0.135159,0.143632,0.143367,0.139801,0.132068,0.142546,0.146121,0.713012,0.732429,0.682238,0.685605,0.694176,0.676323,0.672289,0.673651,0.676168,0.658591,0.676895,0.703957,0.632749,0.622617,0.555963,0.654765,0.526685,0.49459,0.526361,0.521924,0.496006,0.476634,0.464509
NPL,Nepal,CO2eq/GDP,1.973003,1.893707,1.914564,1.933985,1.979034,1.921098,1.904606,1.858962,1.824796,1.769081,1.746133,1.791929,1.626845,1.632245,1.708419,1.553052,1.450268,1.430947,1.420734,1.30684,1.277781,1.196678,1.108466,1.121962,1.046797,1.063571,1.020273,0.984051,0.962821,0.950312,0.900851,0.869251,0.862992,0.848048,0.808197,0.795611,0.767249,0.739555,0.726608,0.726543,0.707878,0.706798,0.697244
NLD,Netherlands,CO2eq/GDP,0.692275,0.660248,0.683363,0.688388,0.624857,0.547788,0.58789,0.554651,0.561553,0.574331,0.537485,0.530452,0.503908,0.50125,0.511188,0.502307,0.495484,0.495433,0.475585,0.459918,0.43672,0.4439,0.432282,0.434172,0.421304,0.410791,0.413951,0.379436,0.363827,0.334647,0.322085,0.320507,0.319298,0.322768,0.319487,0.307137,0.291023,0.281555,0.273238,0.273765,0.284748,0.264785,0.269911
NCL,New Caledonia,CO2eq/GDP,0.357861,0.33626,0.399362,0.648023,0.606302,0.588041,0.590048,0.886295,0.613272,0.776191,0.973675,1.029317,0.825506,0.846877,0.836283,0.717627,0.749072,0.771459,0.554016,0.486818,0.467461,0.460147,0.462746,0.475689,0.365659,0.411268,0.456455,0.473657,0.529956,0.506982,0.559054,0.592932,0.636778,0.615648,0.598855,0.584976,0.498675,0.449657,0.417087,0.42341,0.431308,0.440517,0.431993
NZL,New Zealand,CO2eq/GDP,0.965386,0.958022,0.9994,0.960187,0.913635,0.863302,0.918115,0.906563,0.925986,0.905956,0.946112,0.934699,0.934929,0.908205,0.927017,0.873261,0.865037,0.844348,0.848419,0.823492,0.830176,0.842437,0.851717,0.802109,0.783063,0.763508,0.746935,0.761524,0.744966,0.726817,0.721941,0.7246,0.702779,0.691868,0.659465,0.637777,0.622576,0.596694,0.601724,0.588293,0.582486,0.563733,0.554822
NIC,Nicaragua,CO2eq/GDP,0.528823,0.49545,0.480784,0.517613,0.482824,0.427926,0.487624,0.484206,0.410694,0.418754,0.645484,0.633081,0.604181,0.599139,0.582924,0.598684,0.618089,0.586169,0.61029,0.72888,0.798167,0.714039,0.78147,0.831771,0.832021,0.754126,0.714639,0.729052,0.731666,0.736015,0.73335,0.726718,0.738387,0.747685,0.707926,0.683756,0.681911,0.654815,0.628402,0.651596,0.658297,0.618865,0.598454
NER,Niger,CO2eq/GDP,2.108345,2.043052,2.036618,1.629213,1.887109,1.855193,2.231037,2.27112,2.10931,2.031812,1.911418,1.910947,1.996453,2.057657,1.621211,1.72494,1.611125,1.597486,1.655859,1.59998,1.597653,1.636226,1.831403,1.879313,1.900399,1.922762,1.936851,1.973554,1.866382,1.956614,2.067619,1.958861,2.042817,2.032618,2.126132,2.133707,2.100426,2.136007,2.036045,2.128471,2.045617,1.98332,1.850268
NGA,Nigeria,CO2eq/GDP,0.22076,0.291364,0.325637,0.360772,0.403375,0.271758,0.306785,0.252567,0.219751,0.31882,0.294467,0.240332,0.220896,0.211721,0.225613,0.254502,0.232885,0.689802,1.008606,1.111191,1.141616,1.19594,1.239873,1.22871,1.171988,1.220377,1.273277,1.128155,0.970792,0.904556,0.891307,0.878388,0.759231,0.749187,0.549254,0.532699,0.465989,0.418797,0.396064,0.352818,0.350923,0.350214,0.340544
NOR,Norway,CO2eq/GDP,0.567675,0.647237,0.648415,0.601696,0.566301,0.512664,0.486729,0.47978,0.45943,0.453651,0.416859,0.373923,0.339574,0.337764,0.340661,0.325514,0.320706,0.302271,0.303265,0.30272,0.299447,0.279763,0.285052,0.291497,0.293048,0.286889,0.281009,0.278175,0.276094,0.277574,0.253666,0.252609,0.250091,0.262041,0.253179,0.238436,0.233855,0.231428,0.229159,0.226859,0.23213,0.223756,0.214043
OMN,Oman,CO2eq/GDP,3.586717,3.549732,3.514731,3.219415,3.874927,10.20038,8.768387,7.308312,5.050569,3.907397,2.033722,2.145977,1.519202,1.491988,0.959241,0.532138,0.581707,0.540057,0.651621,0.598158,0.65407,0.638057,0.573801,0.523228,0.423136,0.45425,0.451235,0.440677,0.38753,0.415756,0.424481,0.464263,0.496754,0.554526,0.535756,0.552978,0.600938,0.603644,0.612202,0.635093,0.639674,0.703661,0.65946
PAK,Pakistan,CO2eq/GDP,0.905981,0.83184,0.799088,0.804629,0.797547,0.805129,0.7899,0.782058,0.79689,0.776541,0.757853,0.737801,0.721432,0.696509,0.670353,0.663822,0.656827,0.629016,0.623296,0.571906,0.561174,0.544844,0.5244,0.54227,0.536476,0.532691,0.533967,0.541883,0.540686,0.552175,0.540768,0.538965,0.522914,0.54946,0.545043,0.519989,0.517485,0.527953,0.523983,0.523739,0.502044,0.502602,0.488404
PLW,Palau,CO2eq/GDP,0,0,0,0,0,0,0,0,0,0,0,0,0,0,0,0,0,0,0,0,0.047719,0.061383,0.08614,0.102428,0.101274,0.066306,0.153439,0.11384,0.103156,0.128553,0.130076,0.110852,0.070271,0.074708,0.076593,0.099174,0.130436,0.110709,0.130576,0.13801,0.137226,0.13074,0.124569
PAN,Panama,CO2eq/GDP,0.632007,0.54283,0.514409,0.510767,0.495605,0.476741,0.471684,0.464277,0.458115,0.444672,0.415391,0.380335,0.368891,0.370466,0.356382,0.339672,0.330171,0.331658,0.305278,0.359754,0.363638,0.352289,0.359934,0.346791,0.347833,0.354327,0.348557,0.325491,0.345794,0.306046,0.303606,0.351163,0.319149,0.308965,0.288744,0.312534,0.297081,0.250352,0.236623,0.255305,0.252955,0.236748,0.226946
PNG,Papua New Guinea,CO2eq/GDP,0.426929,0.410248,0.368668,0.426623,0.446843,0.466576,0.478576,0.497949,0.556507,0.505804,0.564083,0.786655,0.760789,0.812403,0.786754,0.809421,0.75162,0.695169,0.655985,0.591994,0.627191,0.572122,0.482003,0.407879,0.391232,0.426443,0.392519,0.441404,0.708736,0.487849,0.555634,0.534241,0.615968,0.631635,0.682874,0.775096,0.831193,0.737279,0.785776,0.634925,0.607534,0.585021,0.552687
PRY,Paraguay,CO2eq/GDP,1.194577,1.145287,1.121174,1.114039,1.085388,1.064363,1.085173,1.097273,1.002454,0.890981,0.830988,0.802782,0.764445,0.798604,0.857538,0.867939,0.84202,0.88061,0.887119,0.853654,0.814982,0.739227,0.764623,0.794151,0.802045,0.811251,0.795255,0.782611,0.787753,0.78837,0.781942,0.811959,0.784624,0.815353,0.754188,0.738997,0.734425,0.745906,0.709706,0.771492,0.7416,0.721958,0.722655
PER,Peru,CO2eq/GDP,0.565571,0.523196,0.483833,0.490322,0.485593,0.423074,0.417947,0.417347,0.411604,0.426321,0.411688,0.38905,0.359909,0.331628,0.37448,0.350085,0.362861,0.347269,0.321577,0.335069,0.37501,0.357081,0.367407,0.362923,0.333284,0.337042,0.345042,0.325531,0.32199,0.3343,0.322683,0.307027,0.300091,0.289434,0.295751,0.283168,0.26182,0.256437,0.250969,0.263164,0.259751,0.259191,0.243687
PHL,Philippines,CO2eq/GDP,0.734458,0.708436,0.667686,0.695828,0.625047,0.596385,0.537987,0.522893,0.516027,0.502776,0.468185,0.435562,0.41753,0.410402,0.383393,0.414011,0.441183,0.454503,0.451278,0.435001,0.414497,0.413062,0.421801,0.430683,0.437451,0.459052,0.46192,0.467407,0.45215,0.449407,0.434063,0.421855,0.417831,0.405097,0.388816,0.377636,0.343382,0.333312,0.327078,0.328084,0.315876,0.308954,0.292356
POL,Poland,CO2eq/GDP,1.81937,1.737721,1.676951,1.670913,1.640453,1.577516,1.555672,1.55225,1.592187,1.57433,1.583866,1.540358,1.764659,1.851961,1.797527,1.828844,1.791098,1.767814,1.692797,1.567231,1.266177,1.342784,1.272379,1.185181,1.110196,1.08846,1.051881,0.962461,0.84733,0.785898,0.726471,0.709528,0.676477,0.673189,0.644457,0.620839,0.60526,0.564599,0.535346,0.501027,0.509616,0.478893,0.461766
PRT,Portugal,CO2eq/GDP,0.332919,0.323587,0.30784,0.306747,0.271905,0.280769,0.307779,0.294149,0.294177,0.309381,0.302015,0.293124,0.288846,0.284987,0.269645,0.265586,0.285437,0.281461,0.267051,0.299286,0.287048,0.285539,0.299969,0.300683,0.307229,0.31263,0.29527,0.2938,0.300563,0.317049,0.304253,0.295354,0.308695,0.29203,0.292358,0.30092,0.276021,0.268079,0.256076,0.262248,0.240478,0.244425,0.24578
PRI,Puerto Rico,CO2eq/GDP,0,0,0,0,0,0,0,0,0,0,0.047852,0.048683,0.048989,0.05238,0.054345,0.050868,0.050892,0.047732,0.047491,0.046586,0.04405,0.044176,0.039117,0.038148,0.03722,0.035108,0.034305,0.033721,0.031456,0.03136,0.031224,0.028152,0.027676,0.027529,0.026526,0.026174,0.026049,0.026458,0.026453,0.026044,0.026236,0.026797,0.027561
QAT,Qatar,CO2eq/GDP,3.586208,4.166371,4.549067,4.48361,3.565528,2.93037,2.593659,2.503504,2.585384,1.90191,1.30252,0.799811,0.908933,0.609743,1.327974,1.380835,1.778108,1.595762,1.587025,1.450337,1.126555,1.367289,1.367888,1.420117,1.416824,1.269383,1.416342,1.489884,1.54884,1.277482,0.873997,0.82616,0.83212,0.85837,0.779404,0.74705,0.655008,0.631035,0.600772,0.577105,0.561188,0.550776,0.571643
ROU,Romania,CO2eq/GDP,2.026966,1.93339,1.769874,1.7174,1.568777,1.504749,1.472973,1.352711,1.349785,1.285258,1.171136,1.143257,1.134721,1.100919,1.039787,0.978696,0.990118,0.99204,0.996451,0.976041,0.922038,0.864938,0.863634,0.793283,0.741661,0.711989,0.704056,0.686287,0.623776,0.548928,0.557303,0.548785,0.519154,0.514601,0.473057,0.449841,0.427648,0.396111,0.361544,0.330568,0.328135,0.341039,0.338307
RUS,Russia,CO2eq/GDP,1.236293,1.196239,1.186011,1.152811,1.145506,1.173656,1.144869,1.121836,1.161403,1.105233,1.111831,1.089388,1.078123,1.055462,1.056619,1.062238,1.041071,1.047612,1.082956,1.053847,0.973012,1.001331,1.083806,1.081274,1.104025,1.112667,1.123391,1.045193,1.08454,1.05156,0.971596,0.929601,0.892044,0.84639,0.803988,0.74462,0.713387,0.659252,0.626847,0.638527,0.649998,0.651162,0.640176
RWA,Rwanda,CO2eq/GDP,0.791612,0.753396,0.772009,0.755793,0.718809,0.72548,0.728369,0.649628,0.649662,0.601235,0.557523,0.608006,0.613975,0.649863,0.637011,0.598509,0.573673,0.572017,0.568655,0.596303,0.513166,0.543018,0.495319,0.506406,0.954009,0.74866,0.712437,0.7209,0.699662,0.716221,0.631282,0.61306,0.559303,0.595281,0.590051,0.567812,0.548734,0.542266,0.51283,0.493567,0.485526,0.450857,0.418797
KNA,Saint Kitts and Nevis,CO2eq/GDP,0.477147,0.42613,0.454115,0.422061,0.387257,0.44323,0.431675,0.428635,0.41356,0.357362,0.348227,0.3226,0.324678,0.275513,0.298668,0.26812,0.274035,0.276864,0.268308,0.232998,0.20127,0.232984,0.237319,0.21318,0.218761,0.202648,0.210614,0.212287,0.205969,0.202601,0.216272,0.207002,0.198853,0.207477,0.203938,0.175352,0.163142,0.161577,0.160283,0.169427,0.189535,0.184541,0.187759
LCA,Saint Lucia,CO2eq/GDP,0.483369,0.463794,0.522683,0.548324,0.49421,0.577411,0.534683,0.461948,0.388993,0.324464,0.333304,0.337214,0.347019,0.341373,0.348428,0.332931,0.319747,0.316261,0.332282,0.307262,0.273406,0.272961,0.257107,0.242404,0.273772,0.280739,0.281478,0.286851,0.251639,0.255467,0.289348,0.31004,0.296371,0.291679,0.289342,0.290178,0.271259,0.284272,0.279937,0.286923,0.304034,0.320441,0.325574
VCT,Saint Vincent and the Grenadines,CO2eq/GDP,0.303591,0.298505,0.321954,0.274029,0.299852,0.375416,0.400009,0.366086,0.362127,0.322846,0.343366,0.343646,0.334904,0.337734,0.343784,0.338112,0.341014,0.352957,0.369196,0.352246,0.32874,0.320266,0.303237,0.282098,0.348758,0.331866,0.332339,0.325347,0.364809,0.366899,0.375094,0.378437,0.346516,0.326618,0.328854,0.314655,0.292538,0.31253,0.294039,0.30391,0.33036,0.342327,0.338123
WSM,Samoa,CO2eq/GDP,0,0,0,0,0,0,0,0,0,0,0.307804,0.544835,0.447297,0.493929,0.572949,0.558354,0.481316,0.506811,0.504794,0.46934,0.447064,0.464306,0.465754,0.448239,0.445473,0.425576,0.421915,0.415079,0.418893,0.405971,0.40737,0.399752,0.364245,0.353843,0.335272,0.321788,0.307504,0.277976,0.27948,0.30389,0.31159,0.303218,0.305844
STP,Sao Tome and Principe,CO2eq/GDP,0.157256,0.150836,0.145114,0.145121,0.136342,0.137227,0.156741,0.132636,0.126464,0.118263,0.15204,0.176271,0.161933,0.177491,0.183827,0.192671,0.21781,0.261195,0.233227,0.194587,0.267599,0.299447,0.283018,0.307179,0.264506,0.277855,0.281292,0.275587,0.219435,0.237314,0.309956,0.302038,0.302591,0.299244,0.288769,0.28112,0.257533,0.264899,0.25588,0.249733,0.249952,0.24608,0.238656
SAU,Saudi Arabia,CO2eq/GDP,0.669626,0.722763,0.783751,1.131594,0.783608,0.61909,0.722613,0.720539,0.724811,0.69898,0.751003,0.553468,0.492309,0.545527,0.369506,0.366741,0.408138,0.360845,0.441728,0.405709,0.416805,0.387986,0.384411,0.386703,0.435405,0.433556,0.440352,0.435014,0.433857,0.437379,0.439323,0.453702,0.468837,0.463317,0.41574,0.406964,0.403104,0.396414,0.389953,0.401972,0.412118,0.391263,0.387977
SEN,Senegal,CO2eq/GDP,0.956121,0.897946,0.871093,0.826165,0.890644,0.865228,0.845987,0.791407,0.818371,0.846372,0.754821,0.770397,0.733222,0.659419,0.718147,0.729746,0.728352,0.733772,0.687933,0.714306,0.696261,0.695621,0.715282,0.721034,0.736777,0.715384,0.732231,0.742518,0.728928,0.728855,0.710036,0.721778,0.719586,0.667936,0.664149,0.664474,0.655065,0.660934,0.650261,0.661713,0.657398,0.670641,0.64729
SRB_MNE,Serbia and Montenegro,CO2eq/GDP,0.381617,0.37305,0.364623,0.380537,0.350039,0.362292,0.357131,0.343865,0.333161,0.331205,0.320321,0.359819,0.370998,0.402729,0.409575,0.427825,0.425948,0.416608,0.442389,0.438389,0.757754,0.720403,0.926003,1.199776,1.091386,1.145767,1.265824,1.147611,1.112291,0.96085,0.90214,0.891153,0.884852,0.885923,0.873889,0.769639,0.750621,0.691164,0.65504,0.634319,0.638354,0.666623,0.661875
SYC,Seychelles,CO2eq/GDP,0.280094,0.232351,0.137411,0.136499,0.134977,0.137026,0.201799,0.16781,0.198266,0.20911,0.199424,0.183565,0.157866,0.258637,0.259668,0.2695,0.272546,0.352468,0.385809,0.319871,0.242575,0.27683,0.230852,0.211583,0.124395,0.133699,0.129277,0.130067,0.118879,0.118593,0.158705,0.17866,0.240333,0.257376,0.267512,0.263028,0.279926,0.274707,0.293172,0.303577,0.30112,0.29102,0.273309
SLE,Sierra Leone,CO2eq/GDP,0.836716,0.718379,0.717954,0.685647,0.675774,0.674161,0.702894,0.727831,0.737516,0.721008,0.714883,0.718318,0.70585,0.672991,0.635712,0.654309,0.718486,0.766513,0.766741,0.744278,0.676177,0.669691,0.775941,0.776667,0.751835,0.791542,0.782704,0.857866,0.828528,0.806628,0.757272,0.823251,0.676124,0.654786,0.668376,0.803008,0.830398,0.695052,0.703454,0.70421,0.711696,0.705838,0.623091
SGP,Singapore,CO2eq/GDP,0.496796,0.424238,0.437632,0.436439,0.408793,0.330975,0.348394,0.354179,0.375394,0.365251,0.313819,0.306656,0.28902,0.290417,0.27072,0.257452,0.266214,0.265995,0.270947,0.258224,0.313289,0.311688,0.301662,0.310329,0.296964,0.298336,0.292967,0.275533,0.285248,0.283468,0.275164,0.284897,0.236584,0.236394,0.181302,0.169125,0.160892,0.152814,0.152167,0.147417,0.137193,0.127475,0.122838
SVK,Slovakia,CO2eq/GDP,1.121178,1.087325,1.071173,1.063257,1.042876,1.042002,1.032943,1.035442,1.08154,1.088065,1.125649,1.108075,1.05995,1.045021,1.058634,1.015724,0.940992,0.940553,0.940006,0.924003,0.954686,0.967773,0.963095,0.922006,0.829962,0.790513,0.746719,0.700422,0.663937,0.660249,0.628369,0.610673,0.581768,0.556891,0.528154,0.499263,0.461708,0.407202,0.385266,0.371062,0.378248,0.355577,0.349662
SVN,Slovenia,CO2eq/GDP,0.396664,0.383809,0.372541,0.395161,0.363357,0.351991,0.340792,0.328529,0.322693,0.318831,0.297626,0.299152,0.302175,0.328367,0.303964,0.302304,0.303813,0.279352,0.35567,0.372183,0.588378,0.595837,0.632704,0.626845,0.597099,0.575684,0.577762,0.561624,0.537729,0.494026,0.47074,0.495032,0.484689,0.465804,0.449302,0.434818,0.417748,0.385144,0.390173,0.388667,0.383038,0.375903,0.381015
SLB,Solomon Islands,CO2eq/GDP,0,0,0,0,0,0,0,0,0,0,1.039307,1.203397,1.1525,1.191437,1.107556,1.185643,1.140404,1.18406,1.129297,1.016876,0.984055,0.77492,0.582678,0.577245,0.560166,0.532957,0.549726,0.547899,0.534709,0.544391,0.699313,0.775175,0.811607,0.781197,0.768561,0.723717,0.681684,0.639824,0.623415,0.68616,0.676969,0.621111,0.610537
SOM,Somalia,CO2eq/GDP,515.3115,496.6964,463.1237,468.0148,564.2006,466.1046,470.8922,408.0007,423.6231,437.3212,454.1687,447.0323,441.2955,469.7601,461.9749,439.987,432.8675,429.8243,444.6018,444.7588,411.2008,59.0712,29.4716,22.21833,18.32276,15.18671,13.03896,11.53211,10.10172,9.103184,8.348607,7.735275,7.16215,6.736387,6.42877,6.119492,5.504511,5.011861,4.768394,4.528883,4.360583,4.389417,4.416554
ZAF,South Africa,CO2eq/GDP,1.090758,1.027662,1.047875,1.091839,1.010892,1.008565,1.093579,1.090939,1.038756,1.0272,1.027624,0.998951,0.938116,0.912199,0.983942,0.942401,0.942604,0.990213,0.975393,0.95348,0.956123,0.950728,0.979979,0.977541,0.963482,0.973658,0.968026,0.994071,1.005248,0.934691,0.910753,0.855822,0.858819,0.899994,0.912117,0.889921,0.853807,0.847544,0.863475,0.836347,0.82161,0.766999,0.747718
ESP_AND,Spain and Andorra,CO2eq/GDP,0.397318,0.376587,0.387191,0.381262,0.378227,0.370331,0.398338,0.36929,0.354365,0.361522,0.372424,0.373504,0.36992,0.367987,0.349514,0.334169,0.333684,0.322362,0.31345,0.318452,0.307867,0.308447,0.312517,0.301289,0.305167,0.311539,0.295127,0.305095,0.301777,0.308289,0.306588,0.294949,0.30094,0.297152,0.299777,0.298831,0.280664,0.279486,0.254739,0.239241,0.229376,0.231693,0.230972
LKA,Sri Lanka,CO2eq/GDP,0.394847,0.378141,0.376525,0.373218,0.374509,0.306207,0.324938,0.396735,0.441185,0.437071,0.47403,0.456268,0.425338,0.413429,0.412094,0.373834,0.349967,0.322666,0.332132,0.302173,0.311018,0.285582,0.28949,0.274499,0.277566,0.26027,0.260564,0.244878,0.229959,0.237993,0.234321,0.23312,0.231833,0.232743,0.215179,0.223416,0.19678,0.189208,0.186697,0.173795,0.176454,0.166521,0.151343
SDN_SSD,Sudan and South Sudan,CO2eq/GDP,1.690943,1.643358,1.611622,1.866251,1.939948,1.729781,1.496868,1.261279,1.155659,1.276386,1.438528,1.462035,1.439203,1.383174,1.425978,1.539321,1.466739,1.300592,1.264272,1.21905,1.243602,1.177307,1.205858,1.209695,1.31066,1.244787,1.221321,1.159846,1.142162,1.158322,1.14678,1.126252,1.094829,1.051354,1.035407,1.001331,0.939808,0.859643,0.806709,0.792441,0.7779,0.801013,0.812881
SUR,Suriname,CO2eq/GDP,0.722167,0.665034,0.654159,0.745526,0.599673,0.779336,0.671361,0.666181,0.666733,0.551058,0.570086,0.590397,0.545061,0.50375,0.526332,0.585418,0.597272,0.622486,0.645826,0.591161,0.593376,0.597129,0.609163,0.59697,0.567592,0.58614,0.586359,0.523425,0.527149,0.520756,0.541016,0.556353,0.520522,0.511408,0.454723,0.419943,0.408348,0.391492,0.373323,0.380024,0.37522,0.379694,0.369116
SWZ,Swaziland,CO2eq/GDP,0.971101,1.132221,1.300779,1.217858,1.282827,1.126373,0.785342,0.679392,0.757686,0.85819,0.832484,0.855177,0.693708,0.660317,0.623357,0.630823,0.6163,0.586433,0.474589,0.446574,0.390551,0.403093,0.390145,0.337723,0.328647,0.318727,0.3194,0.306397,0.288561,0.30067,0.30562,0.293308,0.292183,0.300767,0.304682,0.298717,0.283664,0.282153,0.271659,0.262394,0.255973,0.256841,0.252235
SWE,Sweden,CO2eq/GDP,0.739876,0.650275,0.646642,0.647461,0.580537,0.573145,0.597237,0.573304,0.560895,0.564912,0.509932,0.450755,0.40048,0.371197,0.363396,0.364742,0.361406,0.34289,0.323749,0.305322,0.295223,0.299945,0.313136,0.319898,0.316484,0.302525,0.317522,0.286738,0.2795,0.262674,0.23947,0.233885,0.232412,0.22864,0.216157,0.21916,0.211143,0.196242,0.187099,0.183868,0.189411,0.17222,0.165964
CHE_LIE,Switzerland and Liechtenstein,CO2eq/GDP,0.23424,0.22907,0.223917,0.232093,0.20628,0.193056,0.218779,0.22318,0.223344,0.214956,0.211895,0.191656,0.180134,0.199014,0.195923,0.20183,0.19458,0.184942,0.182176,0.176138,0.175592,0.183923,0.183455,0.174803,0.169134,0.170801,0.171926,0.162119,0.162665,0.159504,0.150953,0.151484,0.148141,0.151722,0.149427,0.147048,0.143071,0.139984,0.142619,0.142662,0.142343,0.128954,0.126855
SYR,Syria,CO2eq/GDP,0.620319,0.576637,0.455559,0.480825,0.461504,0.439939,0.591969,0.870815,0.980794,1.223204,1.206558,1.368211,1.514459,1.856031,2.235916,1.850876,1.97563,3.496993,3.161581,3.043007,3.713304,4.673489,4.766683,5.2454,5.904627,5.345742,5.304244,4.241448,4.260798,3.662847,2.826514,2.263978,1.824476,1.515497,1.137457,0.845163,0.896217,0.861773,0.81032,0.79218,0.715377,0.647091,0.735032
TWN,Taiwan,CO2eq/GDP,0.665561,0.599565,0.576149,0.550862,0.481856,0.502186,0.549503,0.50632,0.505372,0.463277,0.458282,0.398759,0.429456,0.433376,0.403431,0.364599,0.395083,0.370211,0.375427,0.374886,0.349787,0.348921,0.342651,0.346065,0.347487,0.344536,0.339829,0.342578,0.342534,0.34105,0.347476,0.366088,0.366473,0.371877,0.36617,0.352036,0.359818,0.350897,0.349283,0.344683,0.334855,0.321086,0.321808
TJK,Tajikistan,CO2eq/GDP,1.271348,1.236194,1.233868,1.17667,1.159846,1.185409,1.138599,1.106992,1.095667,1.086493,1.106806,1.084042,1.057512,1.042468,1.021825,1.045944,1.036413,1.034243,1.037421,1.018839,0.931589,0.98434,1.135254,1.034008,1.038643,1.08595,1.200352,1.228659,1.163756,1.077491,0.968872,0.877957,0.825209,0.767576,0.770687,0.73597,0.729363,0.735133,0.714276,0.696729,0.667252,0.633426,0.612372
TZA,Tanzania,CO2eq/GDP,1.224214,1.162023,1.110324,1.088628,1.074664,1.039671,1.012543,1.029698,1.043036,1.03648,1.01285,1.012007,1.024547,1.026242,0.981499,0.97099,0.947754,0.91804,0.875217,0.85627,0.836994,0.834786,0.830738,0.842226,0.837545,0.907313,0.840985,0.810492,0.810355,0.849938,0.825219,0.79885,0.773364,0.750827,0.716655,0.707573,0.703354,0.650362,0.644691,0.615628,0.604894,0.609303,0.581206
THA,Thailand,CO2eq/GDP,1.436697,1.072011,1.01476,1.056137,0.94301,0.97189,0.949087,0.921039,0.863795,0.77946,0.758321,0.728324,0.679993,0.676004,0.658416,0.655237,0.619528,0.617003,0.608973,0.574811,0.542099,0.534367,0.516824,0.501909,0.49942,0.490401,0.496895,0.521951,0.515056,0.511313,0.486218,0.487741,0.478377,0.459508,0.462301,0.456847,0.441163,0.433639,0.432172,0.43242,0.429269,0.429442,0.415796
TLS,Timor-Leste,CO2eq/GDP,0,0,0,0,0,0,0,0,0,0,0,0,0,0,0,0,0,0,0,0,0.73039,0.831269,0.792693,0.804931,0.968346,0.996683,0.886351,0.820357,1.043511,1.231145,1.2399,0.978632,1.007539,1.053493,1.699153,1.240999,1.450725,1.599943,1.426202,1.357733,1.190707,1.104827,1.026439
TGO,Togo,CO2eq/GDP,0.636349,0.619718,0.611188,0.563581,0.586009,0.588756,0.594142,0.596561,0.547515,0.508861,0.459447,0.478063,0.545256,0.516164,0.583151,0.562469,0.611398,0.62533,0.694174,0.633615,0.644843,0.632056,0.603284,0.704266,0.713356,0.647431,0.723937,0.611808,0.688527,0.750481,0.752311,0.755303,0.788519,0.803509,0.78774,0.791668,0.759976,0.754303,0.802819,0.813712,0.815283,0.85049,0.79795
TON,Tonga,CO2eq/GDP,0,0,0,0,0,0,0,0,0,0,0.758988,0.720716,0.581974,0.441645,0.38003,0.298571,0.28928,0.293144,0.30337,0.29168,0.422742,0.45393,0.542961,0.5327,0.521746,0.405633,0.765032,0.623248,0.572236,0.62647,0.610481,0.540901,0.406344,0.395944,0.414447,0.488744,0.589671,0.550424,0.579167,0.554656,0.542188,0.535266,0.535763
TTO,Trinidad and Tobago,CO2eq/GDP,0.839367,0.836746,0.874271,0.843462,0.922097,0.884315,0.958788,0.924842,0.879969,0.788791,0.839689,0.790928,0.926409,0.945388,1.102786,1.24481,1.259779,1.3216,1.379886,1.338114,1.235163,1.232671,1.297081,1.23722,1.242938,1.115282,1.185118,1.095649,1.112247,1.115371,1.266659,1.322062,1.314435,1.305061,1.265878,1.41634,1.373541,1.411013,1.345484,1.362004,1.461641,1.395846,1.292759
TUN,Tunisia,CO2eq/GDP,0.708657,0.55998,0.572454,0.494642,0.518798,0.475225,0.458156,0.46877,0.460192,0.46618,0.47111,0.451492,0.424891,0.469616,0.468379,0.462144,0.451298,0.465499,0.437591,0.462236,0.468054,0.473465,0.477239,0.490523,0.47122,0.466983,0.452294,0.438256,0.434496,0.429126,0.422694,0.418851,0.409262,0.387067,0.380908,0.377923,0.371958,0.355645,0.34979,0.33881,0.333324,0.330263,0.322906
TUR,Turkey,CO2eq/GDP,0.428062,0.420894,0.440966,0.428154,0.416625,0.392226,0.392429,0.377623,0.384594,0.389275,0.406281,0.418687,0.422623,0.419101,0.415435,0.39871,0.406681,0.410004,0.365354,0.380039,0.400776,0.405493,0.406233,0.393363,0.40671,0.409611,0.406716,0.394104,0.390103,0.404337,0.408579,0.402078,0.390508,0.385505,0.358511,0.344343,0.348253,0.359063,0.359304,0.373439,0.356412,0.344176,0.359608
TKM,Turkmenistan,CO2eq/GDP,2.182898,2.098103,2.11027,2.046744,2.060807,2.150375,2.142976,2.138026,2.13853,2.177368,2.268361,2.310525,2.345501,2.368374,2.458234,2.569032,2.555717,2.616055,2.659715,2.641854,2.555596,2.440496,2.093874,2.181061,2.709213,2.9003,2.635887,2.542308,2.476822,2.612102,2.801752,2.854228,3.12989,3.394393,3.317295,3.090683,2.901944,2.736194,2.485626,1.924955,1.948627,1.896255,1.778944
TCA,Turks and Caicos Islands,CO2eq/GDP,2.073686,2.036207,1.905333,1.813016,1.765994,1.866479,1.785056,1.643706,1.590971,1.454846,1.607606,1.562463,1.508036,1.458135,1.45123,1.484402,1.443385,1.655912,1.468067,1.410372,1.351435,1.990282,1.845885,1.833395,1.793286,1.683709,1.526516,2.233668,3.287854,3.032085,2.806526,3.291371,2.871587,3.138006,0.157052,0.146742,0.22693,0.266692,0.151071,0.205861,0.307944,0.275477,0.270029
UGA,Uganda,CO2eq/GDP,1.351951,1.12279,1.163336,1.07407,1.061266,1.152175,1.120309,1.066705,1.086503,1.099617,1.239181,1.29826,1.274526,1.20328,1.173753,1.233271,1.317214,1.159666,1.18663,1.139594,1.216879,1.21486,1.204004,1.145427,1.094227,0.995477,0.923855,0.928502,0.905362,0.865211,0.856652,0.847899,0.80055,0.786307,0.766905,0.740679,0.684321,0.652888,0.761573,0.72438,0.714594,0.672459,0.660328
UKR,Ukraine,CO2eq/GDP,2.287959,2.198992,2.218577,2.178475,2.168471,2.131739,2.144022,2.064939,2.231452,2.199853,2.218982,2.094076,2.05653,2.025498,2.013452,1.997669,1.990182,2.049589,2.029912,1.972904,1.749924,1.788273,1.769341,1.818347,1.991201,2.208181,2.118459,2.096304,2.021167,2.013128,1.87983,1.712551,1.643726,1.584917,1.342415,1.28316,1.20376,1.132537,1.071298,1.067712,1.091098,1.094228,1.061724
ARE,United Arab Emirates,CO2eq/GDP,1.276556,1.488172,1.423,1.935855,1.689075,1.622455,1.609474,1.251583,1.144118,0.735046,0.589929,0.451069,0.380467,0.394379,0.568464,0.517319,0.429116,0.486596,0.408934,0.44612,0.384649,0.433455,0.414575,0.430657,0.437375,0.431422,0.445138,0.39741,0.402671,0.396874,0.373769,0.366893,0.390888,0.380324,0.360307,0.352221,0.341649,0.352284,0.386583,0.416794,0.430059,0.421593,0.418765
GBR,United Kingdom,CO2eq/GDP,1.015277,0.986037,0.939251,0.953677,0.84727,0.85784,0.888773,0.85006,0.808079,0.787657,0.688375,0.687603,0.678976,0.657942,0.600261,0.618748,0.610447,0.59298,0.559396,0.517029,0.5017,0.514135,0.49822,0.470667,0.446139,0.430389,0.430864,0.404492,0.391612,0.370522,0.357684,0.351801,0.333586,0.326657,0.315949,0.304152,0.294471,0.281332,0.27468,0.259276,0.261027,0.238394,0.238989
USA,United States,CO2eq/GDP,1.150235,1.123679,1.138975,1.11852,1.020508,0.993046,1.052676,1.021706,0.975692,0.932842,0.867146,0.857488,0.794189,0.803517,0.801357,0.746602,0.711245,0.706687,0.708381,0.687535,0.651782,0.647398,0.634885,0.628897,0.614946,0.603901,0.594647,0.584549,0.560569,0.536123,0.529997,0.520677,0.505017,0.495532,0.481463,0.466218,0.44616,0.443049,0.432401,0.415946,0.423876,0.409913,0.386117
URY,Uruguay,CO2eq/GDP,1.392182,1.286658,1.316021,1.38868,1.41164,1.468867,1.352182,1.320776,1.340084,1.334495,1.294311,1.21957,1.168755,1.132414,1.110746,1.141393,1.133073,1.101302,1.088068,1.027738,0.930581,0.956211,0.938572,0.933642,0.873195,0.893295,0.881056,0.806035,0.760616,0.803179,0.774551,0.794085,0.8717,0.881995,0.884039,0.82035,0.834132,0.764321,0.790152,0.756865,0.658535,0.651284,0.648625
UZB,Uzbekistan,CO2eq/GDP,2.435129,2.370635,2.381746,2.300606,2.307825,2.42542,2.327303,2.301773,2.282766,2.284826,2.381756,2.416969,2.440422,2.457203,2.506706,2.588759,2.576835,2.638276,2.668087,2.611478,2.644906,2.699199,2.9277,3.05661,3.157456,2.958282,2.92443,2.846417,3.004516,2.874684,2.785532,2.724924,2.75826,2.582686,2.369558,2.173796,2.106434,1.923586,1.796842,1.528505,1.412107,1.384218,1.300732
VUT,Vanuatu,CO2eq/GDP,0,0,0,0,0,0,0,0,0,0,1.068425,1.110274,1.009255,1.022717,0.987102,0.950774,0.947306,0.99902,1.042411,1.057669,1.116603,1.09351,1.077765,1.128703,1.049238,1.051941,1.046258,1.000018,0.97261,0.979706,0.918997,0.904812,0.939546,0.92612,0.909326,0.871771,0.814381,0.876829,0.845869,0.789421,0.817249,0.840984,0.841812
VEN,Venezuela,CO2eq/GDP,0.760915,0.641549,0.641496,0.678861,0.559244,0.385492,0.423002,0.414328,0.415554,0.466143,0.468199,0.494873,0.506108,0.488581,0.555833,0.531467,0.5443,0.523013,0.508444,0.490954,0.598811,0.547555,0.527344,0.555721,0.578661,0.609897,0.634623,0.623569,0.645746,0.631343,0.639464,0.629432,0.663229,0.697478,0.620511,0.616425,0.570132,0.49017,0.536479,0.552996,0.590712,0.532053,0.535126
VNM,Viet Nam,CO2eq/GDP,2.13177,2.079096,2.07191,1.888007,1.904037,1.800077,1.947544,1.846694,1.586888,1.570234,1.481546,1.562942,1.51908,1.428971,1.34057,1.249137,1.21237,1.190696,1.176419,1.094314,1.021188,0.994215,0.933503,0.906759,0.91509,0.880969,0.848023,0.816318,0.820235,0.804149,0.780748,0.754902,0.772457,0.754021,0.781708,0.765161,0.732832,0.720225,0.719596,0.733771,0.728971,0.707874,0.677397
VGB,Virgin Islands,CO2eq/GDP,0.178855,0.207942,0.25669,0.259328,0.224331,0.244338,0.219279,0.269858,0.229814,0.203863,0.180398,0.276308,0.266149,0.273386,0.258938,0.292401,0.356962,0.313776,0.46042,0.317672,0.320922,0.277129,0.285709,0.215009,0.151175,0.12866,0.128981,0.094187,0.123347,0.130784,0.106389,0.089296,0.08293,0.108477,0.144574,0.11764,0.097776,0.124861,0.131899,0.132441,0.160203,0.122568,0.172276
YEM,Yemen,CO2eq/GDP,0.625433,0.606778,0.584402,0.554566,0.539199,0.492764,0.449962,0.416476,0.349138,0.342181,0.368376,0.308876,0.307935,0.316054,0.314948,0.318528,0.321035,0.328287,0.341596,0.342797,0.361813,0.381432,0.371572,0.344499,0.431881,0.414191,0.406495,0.409187,0.395706,0.415699,0.415362,0.414785,0.400792,0.441394,0.435514,0.455106,0.474847,0.525321,0.489618,0.516424,0.505462,0.534691,0.510111
ZMB,Zambia,CO2eq/GDP,0.724432,0.823096,0.850143,0.799582,0.804158,0.829367,0.773154,0.727077,0.829444,0.861978,0.888565,0.852058,0.806802,0.820763,0.82394,0.864102,0.871471,0.865449,0.879068,0.818328,0.831304,0.851836,0.860339,0.791377,0.835545,0.794211,0.724348,0.76428,0.769205,0.741596,0.702032,0.676456,0.667812,0.639797,0.602063,0.56077,0.543557,0.46705,0.436015,0.440998,0.411278,0.401717,0.390306
ZWE,Zimbabwe,CO2eq/GDP,3.134815,2.640111,2.378001,2.2758,2.168602,1.916729,2.075337,2.024323,2.137139,1.886847,1.812649,1.705578,1.417171,1.33898,1.184519,1.352724,1.358898,1.499131,1.498797,1.279033,1.263343,1.196763,1.358604,1.168967,1.04057,1.039995,0.981357,0.931255,0.929241,1.030716,0.994073,0.981529,0.978815,1.118424,1.140834,1.238344,1.251389,1.283818,1.417634,1.368,1.276703,1.193823,1.084327
